CNPJ_FUNDO_CLASSE,DENOM_SOCIAL,CNPJ Gestor
"23781888000142","1622 FUNDO DE INVESTIMENTO FINANCEIRO MULTIMERCADO","12695840000103"
"28581607000121","4UM FI FINANCEIRO - CI RF CRED PRIV LP - RESP LIMITADA","03983856000112"
"57815131000144","A1 HIGH GRADE POS FIXADO FUNDO DE INVESTIMENTO FINANCEIRO RENDA FIXA CRED PRIV RESP LIMITADA","35185577000108"
"60312851000100","A1 HIGH GRADE PÓS FIXADO PREVIDENCIA FIF RENDA FIXA CRÉDITO PRIVADO LP RESP LIMITADA","35185577000108"
"63556163000175","A1 HIGH GRADE PREV FIF RENDA FIXA CRÉDITO PRIVADO RESPONSABILIDADE LIMITADA","35185577000108"
"62603317000170","A1 II FUNDO DE INVESTIMENTO FINANCEIRO RENDA FIXA CRÉDITO PRIVADO LONGO PRAZO RESP LIMITADA","35185577000108"
"47628822000185","ABSOLUTE ATENAS MASTER FUNDO DE INVESTIMENTO FINANCEIRO RENDA FIXA","47243769000102"
"49559434000115","ABSOLUTE ATENAS PREV ITAÚ MASTER FIF RENDA FIXA CRÉDITO PRIVADO RESPONSABILIDADE LIMITADA","47243769000102"
"61660997000109","ABSOLUTE ATENAS PREVIDÊNCIA C1 FUNDO DE INVESTIMENTO FINANCEIRO RENDA FIXA","47243769000102"
"47612777000170","ABSOLUTE ATENAS PREVIDÊNCIA FUNDO DE INVESTIMENTO FINANCEIRO RENDA FIXA","47243769000102"
"47628918000143","ABSOLUTE CRETA MASTER FUNDO DE INVESTIMENTO FINANCEIRO RENDA FIXA","47243769000102"
"52324362000131","ABSOLUTE DELFOS MASTER FUNDO DE INVESTIMENTO FINANCEIRO RENDA FIXA  LONGO PRAZO","47243769000102"
"49558667000101","ABSOLUTE DELFOS PREV ITAÚ MASTER FIF RENDA FIXA CRÉDITO PRIVADO RESP LIMITADA","47243769000102"
"63608767000118","ABSOLUTE DFP FIFE FUNDO DE INVESTIMENTO FINANCEIRO RENDA FIXA CRÉDITO PRIVADO RESP LIMITADA","47243769000102"
"63859087000177","ABSOLUTE HIDRA CA MASTER FUNDO INCENTIVADO DE INVESTIMENTO FINANCEIRO EM INFRAESTRUTURA RENDA FIXA","14351454000111"
"63858779000109","ABSOLUTE HIDRA PRÉ MASTER FUNDO INCENTIVADO DE INVESTIMENTO FINANCEIRO EM INFRAESTRUTURA RENDA FIXA","14351454000111"
"48986296000198","ABSOLUTE OLIMPIA MASTER FUNDO DE INVESTIMENTO FINANCEIRO MULTIMERCADO","47243769000102"
"43636102000100","ABSOLUTO MM PREV FUNDO DE INVESTIMENTO MULTIMERCADO CRÉDITO PRIVADO RESPONSABILIDADE LIMITADA","15289957000177"
"41348781000197","ABT PREVIDÊNCIA FUNDO DE INVESTIMENTO FINANCEIRO MULTIMERCADO","12695840000103"
"34369940000174","ACESSO I FUNDO DE INVESTIMENTO FINANCEIRO MULTIMERCADO CRÉDITO PRIVADO - RESPONSABILIDADE LIMITADA","35950923000199"
"27927529000101","AEN FUNDO DE INVESTIMENTO FINANCEIRO MULTIMERCADO","12695840000103"
"44025131000107","AF HORIZONTE FUNDO DE INVESTIMENTO FINANCEIRO MULTIMERCADO","03226533000184"
"29044189000104","AF INVEST GERAES 30 FUNDO DE INVESTIMENTO FINANCEIRO RENDA FIXA","03226533000184"
"09720734000110","AF INVEST GERAES FUNDO DE INVESTIMENTO FINANCEIRO RENDA FIXA","03226533000184"
"04618345000164","ALBATROZ FIF - CLASSE DE INVESTIMENTO MULTIMERCADO CRÉDITO PRIVADO - RESP LIMITADA","13189882000127"
"40156669000191","ALFAPREV SIRIUS FIF PREVIDENCIÁRIO CLASSE DE INV RENDA FIXA CRÉDITO PRIVADO PREV RESP LIMITADA","11120589000188"
"44212092000149","ALPES FIFE FI FINANCEIRO - CI RF CRED PRIV - RESP LIMITADA","04408128000140"
"53692814000109","ALTERA I PREVIDÊNCIA SELEÇÃO CRÉDITO FUNDO DE INVESTIMENTO MULTIMERCADO","49475869000181"
"62408759000165","ALVO 8 ESTRUTURAL FIF FUNDO INC EM INVESTIMENTO EM DEB DE INFRA RF CRED PRIV RESP LIMITADA","40430971000196"
"43584575000101","AMARILLYS FUNDO DE INVESTIMENTO MULTIMERCADO","29996127000194"
"17329785000143","ÂMBAR PREVIDENCIÁRIO MULTIMERCADO CRÉDITO PRIVADO FUNDO DE INVESTIMENTO FINANCEIRO RESP LIMITADA","17590181000156"
"41601781000157","AMW ARTEMIS FIFE FIF RF PREVIDENCIÁRIO CRÉDITO PRIVADO - RESPONSABILIDADE LIMITADA","26737584000176"
"43450518000130","AMW VÊNUS MASTER CRÉDITO FUNDO DE INVESTIMENTO FINANCEIRO MULTIMERCADO","26737584000176"
"42813742000186","AQUAPREV II FUNDO DE INVESTIMENTO FINANCEIRO MULTIMERCADO","12695840000103"
"17898668000109","AQUILA 6 CRÉDITO PRIVADO FUNDO DE INVESTIMENTO FINANCEIRO RENDA FIXA - RESPONSABILIDADE LIMITADA","41777833000140"
"42870959000128","AQUILA 7 CRÉDITO PRIVADO FI FINANCEIRO RENDA FIXA LONGO PRAZO - RESPONSABILIDADE LIMITADA","41777833000140"
"63125524000129","ARES CRÉDITO ESTRUTURADO FUNDO DE INVESTIMENTO FINANCEIRO RENDA FIXA","29650082000100"
"41348917000169","ARGENTUM PREVIDÊNCIA FUNDO DE INVESTIMENTO FINANCEIRO MULTIMERCADO","12695840000103"
"40219186000199","ARROW 2 PREVIDÊNCIA FUNDO DE INVESTIMENTO FINANCEIRO MULTIMERCADO","43628554000140"
"28651424000135","ARTEMIS FUNDO DE INVESTIMENTO FINANCEIRO","04608141000142"
"36352346000104","ARX CREDIT OPPORTUNITIES K FIF MULTIMERCADO CRÉDITO PRIVADO - RESPONSABILIDADE LIMITADA","04408128000140"
"31120022000119","ARX DENALI ICATU PREVIDÊNCIA FI FINANCEIRO RENDA FIXA CRÉDITO PRIVADO - RESPONSABILIDADE LIMITADA","04408128000140"
"34474989000197","ARX DENALI MASTER FIF RENDA FIXA CRÉDITO PRIVADO - RESP LTDA","04408128000140"
"32312678000104","ARX DENALI PREVIDÊNCIA FI FINANCEIRO RENDA FIXA CRÉDITO PRIVADO - RESPONSABILIDADE LIMITADA","04408128000140"
"34962302000162","ARX EVEREST MASTER FIF RENDA FIXA CRÉDITO PRIVADO - RESPONSABILIDADE LIMITADA","04408128000140"
"63920768000101","ARX INFRA CDI DINÂMICO FUNDO INCENTIVADO DE INVEST FINANCEIRO EM INFRA CREDITO PRIVADO RENDA FIXA RL","04408128000140"
"32770526000147","ARX K2 INFLAÇÃO CURTA FI FINANCEIRO MULTIMERCADO CRÉDITO PRIVADO- RESPONSABILIDADE LIMITADA","04408128000140"
"46997370000146","ARX K2 IVP PREVIDENCIÁRIO INFLAÇÃO CURTA FIF RENDA FIXA CRÉDITO PRIVADO RESP LIMITADA","04408128000140"
"41672376000120","ARX METRUS 2 FUNDO DE INVESTIMENTO FINANCEIRO RENDA FIXA CRÉDITO PRIVADO - RESPONSABILIDADE LIMITADA","04408128000140"
"41575809000129","ARX PREVIDENCIÁRIO FIFE FIF RENDA FIXA CRÉDITO PRIVADO RESPONSABILIDADE LIMITADA","04408128000140"
"46099626000106","ARX PREVIDENCIÁRIO S FI FINANCEIRO RENDA FIXA CRÉDITO PRIVADO - RESPONSABILIDADE LIMITADA","04408128000140"
"34474470000109","ARX VINSON MASTER FI FINANCEIRO RENDA FIXA CRÉDITO PRIVADO - RESPONSABILIDADE LIMITADA","04408128000140"
"60808027000137","ARX VINSON T MASTER FIF RENDA FIXA CRÉDITO PRIVADO - RESPONSABILIDADE LIMITADA","04408128000140"
"08708502000183","ASA ESTRATÉGIA FUNDO DE INVESTIMENTO FINANCEIRO EM COTAS DE FUNDOS DE INVESTIMENTO RENDA FIXA","19807960000196"
"55502385000187","ASA HIGH GRADE D30 CLASSE DE INVESTIMENTO RENDA FIXA CRÉDITO PRIVADO - RESP LIMITADA","19807960000196"
"25682025000143","ASA INCOME CLASSE DE INVESTIMENTO RENDA FIXA CRÉDITO PRIVADO - RESPONSABILIDADE LIMITADA","19807960000196"
"63405106000195","ASA NORTE FUNDO DE INVESTIMENTO FINANCEIRO RENDA FIXA CRÉDITO PRIVADO - RESPONSABILIDADE LIMITADA","21676427000184"
"08252580000116","ASPECIR PGBL FUNDO DE INVESTIMENTO RENDA FIXA CRÉDITO PRIVADO PREVIDENCIÁRIO - RESPONSABILIDADE LIMI","03983856000112"
"62772990000133","ATENA CRÉDITO ESTRUTURADO FUNDO DE INVESTIMENTO FINANCEIRO RENDA FIXA","29650082000100"
"58561162000189","ATENA II PREVIDÊNCIA FUNDO DE INVESTIMENTO FINANCEIRO RENDA FIXA","19005052000189"
"44212217000130","ATENA PREVIDÊNCIA FIFE FUNDO DE INVESTIMENTO FINANCEIRO RENDA FIXA","19005052000189"
"31908013000197","ATENA YIELD MASTER FUNDO DE INVESTIMENTO FINANCEIRO RENDA FIXA","19005052000189"
"54599810000135","AUDACITAS FIFE PREVIDÊNCIA FI MULTIMERCADO CRÉDITO PRIVADO RESPONSABILIDADE LIMITADA","32288914000196"
"63387076000131","AUGME BALANCEADO FUNDO DE INVESTIMENTO FINANCEIRO MULTIMERCADO","23360896000115"
"54776180000127","AUGME FRG CLASSE DE INVESTIMENTO MULTIMERCADO CRÉDITO PRIVADO - RESP LIMITADA","23360896000115"
"30568172000127","AUGME HIGH GRADE FUNDO DE INVESTIMENTO RENDA FIXA","23360896000115"
"30568485000185","AUGME INSTITUCIONAL CLASSE DE  INVESTIMENTO RENDA FIXA CRÉDITO PRIVADO - RESP LIMITADA","23360896000115"
"60696041000196","AUGME PREV HY FIFE CLASSE DE INVESTIMENTO MULTIMERCADO CRÉDITO PRIVADO - RESP LIMITADA","23360896000115"
"36017195000120","AUGME PREVIDÊNCIA FIFE CLASSE DE  INVESTIMENTO MULTIMERCADO CRÉDITO  PRIVADO - RESP LIMITADA","23360896000115"
"35820685000105","AUGME PREVIDÊNCIA XP SEGUROS FIFE CLASSE DE INVESTIMENTO MULTIMERCADO CRÉDITO PRIVADO  RESP LIMITADA","23360896000115"
"53819577000196","AUGME PRO II FUNDO DE INVESTIMENTO FINANCEIRO MULTIMERCADO","23360896000115"
"55140702000162","AUGME PRO III FUNDO DE INVESTIMENTO FINANCEIRO MULTIMERCADO","23360896000115"
"37440121000164","AUGME PRO VC FUNDO DE INVESTIMENTO FINANCEIRO MULTIMERCADO","23360896000115"
"39502502000156","AUGME PRO XPA CLASSE DE INVESTIMENTO  MULTIMERCADO CRÉDITO PRIVADO - RESP LIMITADA","23360896000115"
"57809185000105","AUGME SMART FUNDO DE INVESTIMENTO FINANCEIRO RENDA FIXA","23360896000115"
"51075995000190","AUGME VINTAGE I CLASSE DE INVESTIMENTO  RENDA FIXA CRÉDITO PRIVADO - RESP LIMITADA","23360896000115"
"59055352000197","AUGME VP FUNDO DE INVESTIMENTO FINANCEIRO RENDA FIXA","23360896000115"
"23556180000198","AZ QUEST ALTRO MASTER FUNDO DE INVESTIMENTO FINANCEIRO MULTIMERCADO CRÉDITO PRIVADO","21676427000184"
"46328602000173","AZ QUEST ALTRO PREV MASTER FIFE FIF MULTIMERCADO CRÉDITO PRIVADO - RESPONSABILIDADE LIMITADA","59312965000162"
"63442435000106","AZ QUEST B PREVIDÊNCIA ALTRO MASTER FIFE FIF - CI MULTIMERCADO CRED PRIV -  RESP LIMITADA","59312965000162"
"32158371000192","AZ QUEST B PREVIDÊNCIA FIFE MASTER FI FINANCEIRO - CI MULT - RESP LIMITADA","59312965000162"
"36521686000103","AZ QUEST B PREVIDÊNCIA FIFE MASTER FI FINANCEIRO - CI MULT CRED PRIV - RESP LIMITADA","59312965000162"
"23738226000190","AZ QUEST ICATU MASTER FIFE CONSERVADOR FIF RENDA FIXA PREVIDENCIÁRIO CRÉD PRIV - RESP LTDA","59312965000162"
"23556204000109","AZ QUEST LUCE MASTER FIF RENDA FIXA CRÉDITO PRIVADO LONGO PRAZO - RESPONSABILIDADE LIMITADA","21676427000184"
"45494496000135","AZ QUEST LUCE PREV MASTER FIFE FIF RENDA FIXA CRÉDITO PRIVADO RESP LIMITADA","59312965000162"
"49438428000100","AZ QUEST LUCE PREVIDENCIARIO MASTER II FIFE FIF RENDA FIXA CRÉDITO PRIVADO - RESP LTDA","59312965000162"
"40783237000100","AZ QUEST MULTI MAX PREV MASTER FIFE FUNDO DE INVESTIMENTO FINANCEIRO MULTIMERCADO RESP LTDA","59312965000162"
"37895276000195","AZ QUEST SPECIAL K MASTER FUNDO DE INVESTIMENTO FINANCEIRO MULTIMERCADO CREDITO PRIVADO","21676427000184"
"36352509000140","AZ QUEST SUPRA MASTER FUNDO DE INVESTIMENTO FINANCEIRO MULTIMERCADO CREDITO PRIVADO","21676427000184"
"19782311000188","AZ QUEST VALORE FUNDO DE INVESTIMENTO FINANCEIRO RENDA FIXA CRÉDITO PRIVADO","21676427000184"
"30506088000189","AZALEIA FUNDO DE INVESTIMENTO FINANCEIRO MULTIMERCADO CRÉDITO PRIVADO","15289957000177"
"20519417000172","AZIMUT CORUJA FI FINANCEIRO - CI RF CRED PRIV - RESP LIMITADA","03829051000119"
"09087799000170","BALTIMORE FUNDO DE INVESTIMENTO FINANCEIRO MULTIMERCADO CRÉDITO PRIVADO RESPONSABILIDADE LIMITADA","07437241000141"
"19531929000175","BANESES FUNDO DE INVESTIMENTO  FINANCEIRO RENDA FIXA CRÉDITO PRIVADO - RESPONSABILIDADE LIMITADA","02888152000106"
"08960978000107","BANRISUL FLEX CREDITO PRIVADO FUNDO DE INVESTIMENTO RENDA FIXA DE LONGO PRAZO RESPONS LIMITADA","93026847000126"
"05832360000173","BB ATACADO MISTO FUNDO DE INVESTIMENTO FINANCEIRO RENDA FIXA LONGO PRAZO CRÉDITO PRIVADO RESP LIM","30822936000169"
"17225793000140","BB ECO PLUS FUNDO DE INVESTIMENTO FINANCEIRO RENDA FIXA CRÉDITO PRIVADO RESPONSABILIDADE LIMITADA","30822936000169"
"02296928000190","BB INSTITUCIONAL FUNDO DE INVESTIMENTO FINANCEIRO RENDA FIXA RESPONSABILIDADE LIMITADA","30822936000169"
"41727038000148","BB IVI 27 FUNDO DE INVESTIMENTO FINANCEIRO MULTIMERCADO CRÉDITO PRIVADO LONGO PRAZO","30822936000169"
"34613727000166","BB PREVIDÊNCIA TP II FUNDO DE INVESTIMENTO FINANCEIRO RENDA FIXA CRÉDITO PRIVADO RESP LIMITADA","30822936000169"
"11839215000117","BB RF CRÉDITO PRIVADO LONGO PRAZO DEDICADO ANS FUNDO DE INVESTIMENTO FINANCEIRO RESP LIMITADA","30822936000169"
"06015421000172","BB TOP CRÉDITO PRIVADO ASG FIF RENDA FIXA INVESTIMENTO SUSTENTÁVEL LONGO PRAZO RESP LIMITADA","30822936000169"
"25234711000151","BB TOP DI RENDA FIXA REFERENCIADO DI CRÉDITO PRIVADO LONGO PRAZO FIF RESPONSABILIDADE LIMITADA","30822936000169"
"18428655000120","BB TOP RENDA FIXA CREDITO PRIVADO ALTO RENDIMENTO LONGO PRAZO FIF RESPONSABILIDADE LIMITADA","30822936000169"
"03389374000139","BB TOP RF ARROJADO FUNDO DE INVESTIMENTO FINANCEIRO RENDA FIXA LONGO PRAZO RESPONSABILIDADE LIMITADA","30822936000169"
"62625643000188","BF&F FIF FUNDO INCENTIVADO EM INVESTIMENTO EM DEB DE INFRAESTRUTURA RF CRED PRIV RESP LIMITADA","40430971000196"
"08984821000111","BIOESTRATÉGIA FI FINANCEIRO - CI MULT CRED PRIV - RESP LIMITADA","02933874000127"
"38542842000148","BNP PARIBAS ANAJÉ CLASSE DE  INVESTIMENTO RENDA FIXA CRÉDITO PRIVADO IS RESPONSABILIDADE LIMITADA","02562663000125"
"17329754000192","BNP PARIBAS CAMARO FIF RENDA FIXA PREVIDENCIÁRIO CRÉDITO PRIVADO - RESPONSABILIDADE LIMITADA","02562663000125"
"11121992000121","BNP PARIBAS FI FINANCEIRO ZAFIRA RENDA FIXA CRÉDITO PRIVADO PREVIDENCIÁRIO RESP LTDA","02562663000125"
"55839003000105","BNP PARIBAS FIFE CRÉDITO PREVIDENCIÁRIO FIF RENDA FIXA CRÉDITO PRIVADO RESPONSABILIDADE LIMITADA","02562663000125"
"44211989000158","BNP PARIBAS FIFE FI FINANCEIRO - CI MULT CRED PRIV - RESP LIMITADA","02562663000125"
"00977449000104","BNP PARIBAS GERDAU PREVIDÊNCIA 1 CLASSE DE INVESTIMENTO RENDA FIXA CREDITO PRIVADO RESP LIMITADA","02562663000125"
"17689994000106","BNP PARIBAS IGUAÇU CLASSE DE INVESTIMENTO MULTIMERCADO CRÉDITO PRIVADO - RESPONSABILIDADE LIMITADA","02562663000125"
"47457832000103","BOCAINA BG FUNDO DE INVESTIMENTO RENDA FIXA","38347420000111"
"47227609000161","BOCAINA WE CAPITAL FUNDO DE INVESTIMENTO FINANCEIRO","38347420000111"
"50112294000111","BOCOM BBM CASH ENHANCED FIF CLASSE DE INVESTIMENTO RFCRED PRIV - RESP LIMITADA","15213150000150"
"34799162000153","BOCOM BBM CORPORATE CREDIT FIF - CLASSE DE INVESTIMENTO RF CRED PRIV - RESP LIMITADA","15213150000150"
"34799393000167","BOCOM BBM CORPORATE CREDIT HIGH YIELD FIF - CLASSE DE INVESTIMENTO MULT CRED PRIV - RESP LIMITADA","15213150000150"
"59309776000130","BOCOM BBM IRB FIF RF CRED PRIV - RESP LIMITADA","15213150000150"
"50514867000133","BOCOM BBM OAWM 30 FIF - CLASSE DE INVESTIMENTO MULTIMERCADO LONGO PRAZO CRÉDITO PRIVADO - RESP LTDA","15213150000150"
"60709408000169","BOCOM BBM VP FUNDO DE INVESTIMENTO FINANCEIRO RENDA FIXA","15213150000150"
"00974902000129","BOLT PREV FI FINANCEIRO MULTIMERCADO CRÉDITO PRIVADO RESPONSABILIDADE LIMITADA","60746948000112"
"56377520000172","BP DSA FUNDO DE INVESTIMENTO MULTIMERCADO","12695840000103"
"51714018000196","BP SFA FUNDO DE INVESTIMENTO FINANCEIRO MULTIMERCADO","12695840000103"
"19831152000164","BPC POLIURETANO FIF - CLASSE DE INVESTIMENTO MULTIMERCADO - RESP LIMITADA","07437241000141"
"21321600000121","BRADESCO BRFPREV FIF CLASSE DE INVESTIMENTO RENDA FIXA CRÉDITO PRIVADO - RESPONSABILIDADE LIMITADA","60746948000112"
"04228545000100","BRADESCO CORPORATE FI FINANCEIRO - CI RF CRED PRIV - RESP LIMITADA","60746948000112"
"63073919000125","BRADESCO DANA FIF - CLASSE DE INVESTIMENTO MULTIMERCADO CRÉDITO PRIVADO - RESPONSABILIDADE LIMITADA","60746948000112"
"11555338000126","BRADESCO EMPRESAS H FIF - CLASSE DE INVESTIMENTO RF CRED PRIVADO LP PERFORMANCE 20 - RESP LIMITADA","60746948000112"
"52771267000186","BRADESCO FIF - CLASSE DE  INVESTIMENTO MULTIMERCADO CRÉDITO PRIVADO FRIGOR","60746948000112"
"06077638000107","BRADESCO FIF - CLASSE DE INVESTIMENTO RF CRÉDITO PRIVADO LP PERFORMANCE - RESP LIMITADA","60746948000112"
"34080987000113","BRADESCO FIF DEDICADO ANS - CLASSE DE INVESTIMENTO RENDA FIXA CRÉDITO PRIVADO - RESP LIMITADA","60746948000112"
"53212784000188","BRADESCO FIF RF CRED PRIV BAQUARA ESG IS - RESPONSABILIDADE LIMITADA","60746948000112"
"34109940000135","BRADESCO GESTÃO FI FINANCEIRO - CI RF CRED PRIV - RESP LIMITADA","60746948000112"
"10813716000161","BRADESCO H PERFORMANCE INSTITUCIONAL FI FINANCEIRO - CI RF CRED PRIV LP - RESP LIMITADA","60746948000112"
"51289474000136","BRADESCO HUB ULTRA FIFE FI FINANCEIRO - CI RF CRED PRIV - RESP LIMITADA","60746948000112"
"45302406000167","BRADESCO MÁSTER CRÉDITO INFLAÇÃO FI FINANCEIRO - CI RF CRED PRIV - RESP LIMITADA","60746948000112"
"61327132000117","BRADESCO MÁSTER ULTRA II FIF - CLASSE DE INVESTIMENTO MULTIMERCADO CRED PRIV - RESP LIMITADA","60746948000112"
"37235948000136","BRADESCO MASTER ULTRA PREVIDÊNCIA FI FINANCEIRO - CI RF CRED PRIV - RESP LIMITADA","60746948000112"
"40413612000120","BRADESCO TITÂNIO INFLAÇÃO FI FINANCEIRO - CI RF CRED PRIV - RESP LIMITADA","60746948000112"
"63460253000168","BRADESCO VITTA MÁSTER FIF - CLASSE DE INVESTIMENTO RENDA FIXA - CRED PRIV - RESP LIMITADA","60746948000112"
"51903744000157","BRAIN CORPORATIVO 30 FUNDO DE INVESTIMENTO FINANCEIRO RENDA FIXA CRÉDITO PRIVADO","08800008000144"
"13400194000164","BRAM CAPITAL FI FINANCEIRO - CI RF CRED PRIV - RESP LIMITADA","60746948000112"
"32388077000177","BRAM CAPITAL II FIF - CLASSE DE INVESTIMENTO RENDA FIXA CRÉDITO PRIVADO - RESP LIMITADA","60746948000112"
"40142060000163","BRAM CRÉDITO INFLAÇÃO FI FINANCEIRO - CI RF CRED PRIV - RESP LIMITADA","60746948000112"
"15675437000100","BRAM FI FINANCEIRO - CI RF CRED PRIV - RESP LIMITADA","60746948000112"
"38653941000105","BRAM INSTITUCIONAL FIF - CLASSE DE INVESTIMENTO RF CRED PRIVADO - RESP LIMITADA","60746948000112"
"04875006000163","BRAM IQ FIF - CLASSE DE INVESTIMENTO RENDA FIXA CRÉDITO PRIVADO - RESPONSABILIDADE LIMITADA","60746948000112"
"39152991000163","BRAM IS SUSTENTABILIDADE FIF - CLASSE DE INVESTIMENTO RF CRED PRIV - RESPONSABILIDADE LIMITADA","60746948000112"
"12412818000109","BRAM LIVRE FI FINANCEIRO - CI RF CRED PRIV - RESP LIMITADA","60746948000112"
"30392659000100","BRAM ULTRA FI FINANCEIRO - CI RF CRED PRIV - RESP LIMITADA","60746948000112"
"19436722000111","BRASIL ASSET FI FINANCEIRO EM RENDA FIXA CRÉDITO PRIVADO - RESPONSABILIDADE LIMITADA","16789525000198"
"14466898000100","BRASIL CORPORATE FIF RENDA FIXA CRÉDITO PRIVADO LONGO PRAZO - RESPONSABILIDADE LIMITADA","11397672000280"
"28648875000113","BRASIL PLURAL FOZ DO IGUAÇU FIF RENDA FIXA CRÉDITO PRIVADO LONGO PRAZO - RESPONSABILIDADE LIMITADA","11397672000280"
"22041150000186","BRASIL PLURAL MASTER PREVIDÊNCIA CRÉDITO PRIVADO FIF RENDA FIXA - RESPONSABILIDADE LIMITADA","11397672000280"
"49633643000161","BRASILPREV ITAÚ SINFONIA PREV FIF RENDA FIXA CRÉD PRIV RESP LIMITADA","40430971000196"
"62300839000100","BRASILPREV RIZA LOTUS PREVIDÊNCIA FUNDO DE INVESTIMENTO FINANCEIRO RENDA FIXA","50715649000167"
"50803491000187","BRASILPREV TOP RENDA FIXA SUPREME FIF RESPONSABILIDADE LIMITADA","27665207000131"
"07593967000173","BRASILPREV TOP TP FUNDO DE INVESTIMENTO FINANCEIRO RENDA FIXA CRÉDITO PRIVADO RESP LIMITADA","30822936000169"
"34488907000163","BRASILPREV TOP TP II FUNDO DE INVESTIMENTO FINANCEIRO RENDA FIXA CRÉDITO PRIVADO RESP LIMITADA","30822936000169"
"45295606000130","BRASILPREV TOP TP III FIF RENDA FIXA CRÉDITO PRIVADO RESPONSABILIDADE LIMITADA","30822936000169"
"05018037000160","BRASILSEG RENDA FIXA CRÉDITO PRIVADO FUNDO DE INVESTIMENTO FINANCEIRO RESPONSABILIDADE LIMITADA","30822936000169"
"54485055000168","BRAVE IRON FUNDO DE INVESTIMENTO RENDA FIXA","35704148000191"
"49933828000191","BRAVE PREVIDÊNCIA FIFE FUNDO DE INVESTIMENTO RENDA FIXA CRÉDITO PRIVADO","35704148000191"
"52268697000180","BRUMA PREVIDÊNCIA FUNDO DE INVESTIMENTO MULTIMERCADO CRÉDITO PRIVADO RESPONSABILIDADE LIMITADA","12695840000103"
"33342285000106","BRZ HIGH GRADE FI FINANCEIRO RENDA FIXA CRÉDITO PRIVADO- RESPONSABILIDADE LIMITADA","02888152000106"
"42865247000110","BRZ IRB FIF - CLASSE DE INVESTIMNTO RF CRÉDITO PRIVADO - RESPONSABILIDADE LIMITADA","02888152000106"
"46700364000185","BTG ICATU VANGUARDA ABSOLUTO II FIF  CLASSE DE INVESTIMENTO RF CRÉDITO PRIVADO PREV - RESP LIMITADA","68622174000120"
"53088893000135","BTG LEGATO CW2 FUNDO DE INVESTIMENTO MULTIMERCADO","29650082000100"
"51623321000183","BTG LEGATO L FUNDO DE INVESTIMENTO FINANCEIRO MULTIMERCADO","29650082000100"
"51800853000149","BTG LEGATO PMFO FUNDO DE INVESTIMENTO FINANCEIRO MULTIMERCADO","29650082000100"
"50820465000167","BTG LEGATO PREV FIFE FUNDO DE INVESTIMENTO FINANCEIRO MULTIMERCADO","29650082000100"
"60291736000198","BTG LEGATO ST FUNDO DE INVESTIMENTO MULTIMERCADO","29650082000100"
"35765444000100","BTG LEGATO TB FUNDO DE INVESTIMENTO FINANCEIRO MULTIMERCADO","29650082000100"
"42848014000100","BTG LEGATO VC FUNDO DE INVESTIMENTO FINANCEIRO MULTIMERCADO","29650082000100"
"21040600000153","BTG MULTIGESTOR CREDIT FIF - CLASSE DE INVESTIMENTO MULTIMERCADO CRED PRIV - RESP ILIMITADA","12695840000103"
"51863845000141","BTG MUNIQUE FI FINANCEIRO - CI RF CRED PRIV - RESP LIMITADA","29650082000100"
"49124184000190","BTG NEXT FUNDO DE INVESTIMENTO FINANCEIRO MULTIMERCADO","12695840000103"
"22232878000195","BTG PACTUAL ANS RF FUNDO DE INVESTIMENTO FINANCEIRO RENDA FIXA","29650082000100"
"57555092000193","BTG PACTUAL BRASLIGHT EOS FUNDO DE INVESTIMENTO FINANCEIRO","29650082000100"
"57771660000193","BTG PACTUAL BVP CRÉD CORPORATIVO PREV FIFE FIF RF CRÉD PRIV - RESP LIMITADA","29650082000100"
"04501865000192","BTG PACTUAL CAPITAL MARKETS FUNDO DE INVESTIMENTO FINANCEIRO RENDA FIXA","29650082000100"
"49178674000170","BTG PACTUAL CONSÓRCIO FUNDO DE INVESTIMENTO FINANCEIRO RENDA FIXA REFERÊNCIA DI","29650082000100"
"41774687000108","BTG PACTUAL CORPORATIVO PLUS PREV FIFE FUNDO DE INVESTIMENTO FINANCEIRO MULTIMERCADO","29650082000100"
"51238218000110","BTG PACTUAL CREDITO CORPORATIVO BRASILPREV PREVIDENCIA FUNDO DE INVESTIMENTO FINANCEIRO MULTIMERCADO","29650082000100"
"42730970000192","BTG PACTUAL CREDITO CORPORATIVO ESG FUNDO DE INVESTIMENTO FINANCEIRO RENDA FIXA","29650082000100"
"14557317000138","BTG PACTUAL CREDITO CORPORATIVO FUNDO DE INVESTIMENTO FINANCEIRO RENDA FIXA","29650082000100"
"45646162000130","BTG PACTUAL CRÉDITO CORPORATIVO II PREVIDÊNCIA FUNDO DE INVESTIMENTO FINANCEIRO RENDA FIXA","29650082000100"
"44347394000124","BTG PACTUAL CRÉDITO CORPORATIVO IPCA FUNDO DE INVESTIMENTO FINANCEIRO RENDA FIXA","29650082000100"
"50874219000198","BTG PACTUAL CRÉDITO CORPORATIVO MASTER III FUNDO DE INVESTIMENTO RENDA FIXA CRÉDITO PRIVADO","29650082000100"
"33599991000120","BTG PACTUAL CREDITO CORPORATIVO PLUS FUNDO DE INVESTIMENTO FINANCEIRO MULTIMERCADO","29650082000100"
"43103846000160","BTG PACTUAL CRÉDITO CORPORATIVO PREV IPCA FUNDO DE INVESTIMENTO RENDA FIXA CRÉDITO PRIVADO","29650082000100"
"21336440000194","BTG PACTUAL CRÉDITO CORPORATIVO PREVIDÊNCIA FUNDO DE INVESTIMENTO FINANCEIRO MULTIMERCADO","29650082000100"
"46246589000103","BTG PACTUAL OABPREV FUNDO DE INVESTIMENTO FINANCEIRO MULTIMERCADO","12695840000103"
"63829969000190","BTG PACTUAL YIELD 24 HORAS FUNDO DE INVESTIMENTO FINANCEIRO RENDA FIXA","29650082000100"
"40897658000162","BUTIÁ PLUS FUNDO DE INVESTIMENTO FINANCEIRO RENDA FIXA","22899452000190"
"23225888000166","BUTIÁ TOP CRÉDITO PRIVADO FUNDO DE INVESTIMENTO RENDA FIXA MASTER","22899452000190"
"33520988000179","BUTIÁ TOP PREVIDENCIÁRIO FIFE FUNDO DE INVESTIMENTO FINANCEIRO RENDA FIXA","22899452000190"
"38195881000116","BUZA FIF- CLASSE DE INVESTIMENTO MULTIMERCADO PREVIDENCIÁRIO - RESPONSABILIDADE LIMITADA","02933874000127"
"49460236000108","CADENZA HIGH YIELD IQ MASTER FUNDO DE INVESTIMENTO FINANCEIRO MULTIMERCADO","12417157000104"
"58354005000100","CADENZA PREVIDÊNCIA FUNDO DE INVESTIMENTO FINANCEIRO MULTIMERCADO","12417157000104"
"52225340000114","CAIXA CVP FIF RENDA FIXA CRÉDITO PRIVADO ASG INVESTIMENTO SUSTENTÁVEL - IS - RESP LIMITADA","42040639000140"
"29157520000194","CAIXA DIAMANTE CORPORATIVO FIF RENDA FIXA CRÉDITO PRIVADO LONGO PRAZO - RESP LIMITADA","42040639000140"
"10322668000109","CAIXA FIDELIDADE II FUNDO DE INVESTIMENTO FINANCEIRO RENDA FIXA CRÉDITO PRIVADO LP - RESP LIMITADA","42040639000140"
"10948577000183","CAIXA MASTER FUNDO DE INVESTIMENTO FINANCEIRO RENDA FIXA CRÉDITO PRIVADO LONGO PRAZO - RESP LIMITADA","42040639000140"
"40194279000106","CAIXA MASTER PLUS FUNDO DE INVESTIMENTO FINANCEIRO RENDA FIXA CRÉDITO PRIVADO LP - RESP LIMITADA","42040639000140"
"40194274000183","CAIXA MASTER PLUS QUALIFICADO FIF RENDA FIXA CRÉDITO PRIVADO LONGO PRAZO - RESPONSABILIDADE LIMITADA","42040639000140"
"13058736000162","CAIXA PREVINVEST PREVIDENCIÁRIO FIF RENDA FIXA CRÉDITO PRIVADO - RESPONSABILIDADE LIMITADA","42040639000140"
"39682386000102","CAIXA PRIVATE PLUS PREVINVEST PREVIDENCIÁRIO FIF RENDA FIXA CRÉDITO PRIVADO - RESP LIMITADA","42040639000140"
"10551353000133","CAIXA QUALIFICADO FUNDO DE INVESTIMENTO FINANCEIRO RENDA FIXA CRÉDITO PRIVADO LP - RESP LIMITADA","42040639000140"
"40832863000140","CAIXA RM PREVINVEST PREVIDENCIARIO FIF RENDA FIXA CRÉDITO PRIVADO - RESPONSABILIDADE LIMITADA","42040639000140"
"21596021000191","CALEDÔNIA CLASSE DE INVESTIMENTO RENDA  FIXA CRÉDITO PRIVADO - RESPONSABILIDADE  LIMITADA","12695840000103"
"44835820000179","CAP PREV INFLAÇÃO 30 ADV XP SEG FIF RENDA FIXA CRÉDITO PRIVADO FIFE - RESPONSABILIDADE LIMITADA","41777833000140"
"15612416000138","CAPITANIA ALFA FIF - CLASSE DE INVESTIMENTO RENDA FIXA CRÉDITO PRIVADO - RESPONSABILIDADE LIMITADA","41777833000140"
"42847342000191","CAPITÂNIA BWM FUNDO DE INVESTIMENTO FINANCEIRO MULTIMERCADO","41793345000127"
"30338838000150","CAPITÂNIA CREDPREVIDÊNCIA MÁSTER FI FINANCEIRO RENDA FIXA CRÉDITO PRIVADO RESP LTDA","41777833000140"
"13106998000155","CAPITANIA FIX CREDITO PRIVADO FI FINANCEIRO RENDA FIXA - RESPONSABILIDADE LIMITADA","41793345000127"
"42747172000173","CAPITÂNIA K FUNDO DE INVESTIMENTO FINANCEIRO MULTIMERCADO","41793345000127"
"65028465000104","CAPITÂNIA MASTER INFRA GERAL ADVISORY RENDA FIXA FUNDO DE INVESTIMENTO EM INFRAESTRUTURA RL","41475648000100"
"20146318000192","CAPITANIA PREMIUM MASTER FIF RENDA FIXA CRÉDITO PRIVADO LONGO PRAZO - RESPONSABILIDADE LIMITADA","41793345000127"
"41672242000109","CAPITÂNIA PREV ADVISORY XP SEGUROS FIFE FIF RENDA FIXA CRÉDITO PRIVADO - RESPONSABILIDADE LIMITADA","41475648000100"
"34270943000156","CAPITÂNIA PREV BP FUNDO DE INVESTIMENTO FINANCEIRO RENDA FIXA","41777833000140"
"41709727000120","CAPITÂNIA PREV ITAÚ FIFE FUNDO DE INVESTIMENTO FINANCEIRO MULTIMERCADO CRÉDITO PRIVADO RESP LIMITADA","41777833000140"
"26498249000162","CAPITÂNIA PREVIDENCE ADVISORY ICATU FIF RENDA FIXA CRÉDITO PRIVADO RESPONSABILIDADE LTDA","41777833000140"
"42934049000161","CAPITÂNIA PREVIDENCE ITAÚ FIFE FIF RENDA FIXA CRÉDITO PRIVADO RESPONSABILIDADE LIMITADA","41777833000140"
"61725196000176","CAPITÂNIA PREVIDENCE XP SEG FI FINANCEIRO RENDA FIXA CRÉDITO PRIVADO - RESPONSABILIDADE LIMITADA","41777833000140"
"23272391000107","CAPITÂNIA RADAR 90 FIF MULTIMERCADO CRÉDITO PRIVADO LONGO PRAZO - RESPONSABILIDADE LIMITADA","41793345000127"
"36327365000172","CAPITÂNIA REIT PREV ADVISORY XP SEGUROS FIFE FIF MULTIMERCADO CRÉD PRIV - RESPONSABILIDADE LIMITADA","41777833000140"
"42827176000161","CAPITÂNIA REIT PREV ITAÚ FIFE FIF MULTIMERCADO CRÉDITO PRIVADO RESPONSABILIDADE LIMITADA","41777833000140"
"52333139000150","CARBYNE FUNDO DE INVESTIMENTO MULTIMERCADO CRÉDITO PRIVADO RESPONSABILIDADE LIMITADA","38318963000100"
"44434922000182","CARTOR INSIGNIA FUNDO DE INVESTIMENTO FINANCEIRO RENDA FIXA","33459988000100"
"52479263000129","CASH D-30 FUNDO DE INVESTIMENTO FINANCEIRO","48089509000189"
"16916048000184","CATEDRAL FUNDO DE INVESTIMENTO FINANCEIRO RENDA FIXA CRÉDITO PRIVADO - RESPONSABILIDADE LIMITADA","00436923000190"
"59574097000199","CATETINHO FUNDO DE INVESTIMENTO FINANCEIRO RENDA FIXA CRÉDITO PRIVADO - RESPONSABILIDADE LIMITADA","00436923000190"
"51977823000102","CATTUS FUNDO DE INVESTIMENTO FINANCEIRO RENDA FIXA","15032609000110"
"04885571000101","CEARÁ FIF  - CLASSE DE INVESTIMENTO RF  CRÉDITO PRIVADO - RESP  LTDA","68622174000120"
"43584015000157","CHROMO MAKAPUU FUNDO DE INVESTIMENTO MULTIMERCADO","19361845000130"
"36532178000120","CHRONOS FUNDO DE INVESTIMENTO MULTIMERCADO CRÉDITO PRIVADO","15289957000177"
"05108379000171","CITRINO I - FIF CLASSE DE INVESTIMENTO RENDA FIXA CRÉDITO PRIVADO RESPONSABILIDADE LIMITADA","65913436000117"
"53726108000122","CL VI FUNDO DE INVESTIMENTO MULTIMERCADO","09576295000113"
"42682447000138","CM OROBÓ II PREVIDÊNCIA FUNDO DE INVESTIMENTO FINANCEIRO MULTIMERCADO","12695840000103"
"04113821000195","COLÔNIA FIF - CLASSE DE INVESTIMENTO RENDA FIXA CRÉDITO PRIVADO - RESP LIMITADA","60746948000112"
"44409284000140","COMMANDER PREV FUNDO DE INVESTIMENTO MULTIMERCADO CRÉDITO PRIVADO RESPONSABILIDADE LIMITADA","15289957000177"
"55161795000101","COMMANDER PREVIDÊNCIA ICATU CLASSE DE INVESTIMENTO RENDA FIXA CRÉDITO PRIVADO - RESPONSABILIDADE LIM","09031993000133"
"55064130000180","COMODORO FUNDO DE INVESTIMENTO MULTIMERCADO","12695840000103"
"35399404000184","COMPASS CREDIT SELECTION FUNDO DE INVESTIMENTO FINANCEIRO RENDA FIXA","31982447000137"
"51234049000140","COMPASS HIGH GRADE ICATU PREVIDENCIA FIFE FUNDO DE INVESTIMENTO FINANCEIRO RENDA FIXA","31982447000137"
"36318479000156","COMPASS YIELD 30 FUNDO DE INVESTIMENTO FINANCEIRO RENDA FIXA","31982447000137"
"52155255000127","CONDUS FUNDO DE INVESTIMENTO MULTIMERCADO","29996127000194"
"15207219000133","CONFIANCE MULTISTRATEGIES FUNDO DE INVESTIMENTO MULTIMERCADO - CRÉDITO PRIVADO","29580517000189"
"52273340000190","CORE CRÉDITO N FIFE FUNDO DE INV FIN RF CRÉDITO PRIV LONGO PRAZO - RESP LIMITADA","31846872000107"
"54660721000157","CORE II CRÉDITO FIF RF CRED PRIV LP - RESP LIMITADA","31846872000107"
"62235923000180","CR GROUP FIF FUNDO INCENTIVADO EM INVESTIMENTO EM DEBÊNTURES DE INFRA RF CRED PRIV RESP LIMITADA","40430971000196"
"39488907000187","CRESCITA CLASSE DE INVESTIMENTO  MULTIMERCADO CRÉDITO PRIVADO - RESP LIMITADA","11519438000105"
"29106510000120","CSHG FASSIS FUNDO DE INVESTIMENTO FINANCEIRO - MULTIMERCADO CRÉDITO PRIVADO RESPONSABILIDADE LTDA","11519438000105"
"55893460000188","CSHG FRG FIF - CLASSE DE INVESTIMENTO MULTIMERCADO CRÉDITO PRIVADO - RESP LIMITADA","11519438000105"
"25307339000166","CSHG MASTER IA CRÉDITO PRIVADO FUNDO DE INVESTIMENTO FINANCEIRO MULTIMERCADO PREV - RESP LIMITADAA","11519438000105"
"31611340000182","CSHG MASTER PORTFOLIO CRÉDITO PRIVADO FUNDO DE INVESTIMENTO FINANCEIRO - MULTIMERCADO RESP LIMITADA","11519438000105"
"44196930000138","CSHG SISPRIME DO BRASIL FUNDO DE INVESTIMENTO FINANCEIRO - MULT CRED PRIV RESPONSABILIDE LIMITADA","11519438000105"
"37842935000125","CTBG PREVIDÊNCIA FUNDO DE INVESTIMENTO FINANCEIRO MULTIMERCADO","12695840000103"
"22118303000146","CW1 CRÉDITO PRIVADO FUNDO DE INVESTIMENTO FINANCEIRO MULTIMERCADO - RESPONSABILIDADE LIMITADA","41793345000127"
"11039158000191","DAKAR FI FINANCEIRO - CI MULT CRED PRIV - RESP LIMITADA","16929933000106"
"49851069000118","DAYCOVAL ANS FUNDO DE INVESTIMENTO FINANCEIRO","72027832000102"
"29250121000173","DAYCOVAL CLASSIC 30 FUNDO DE INVESTIMENTO FINANCEIRO","72027832000102"
"36671861000149","DAYCOVAL CLASSIC 90 FUNDO DE INVESTIMENTO FINANCEIRO","72027832000102"
"53802999000159","DAYCOVAL CLASSIC MASTER FUNDO DE INVESTIMENTO  FINANCEIRO RENDA FIXA CP LP - RESP LIMITADA","72027832000102"
"13492738000165","DAYCOVAL CLASSIC PREVIDÊNCIA FUNDO DE INVESTIMENTO FINANCEIRO","72027832000102"
"42922268000120","DAYCOVAL FUNPRESP FUNDO DE INVESTIMENTO FINANCEIRO","72027832000102"
"57733994000172","DEL SUR FIF FUNDO INCENTIVADO EM INVESTIMENTO EM DEB DE INFRA RENDA FIXA CRED PRIV RESP LIMITADA","40430971000196"
"21791224000139","DESTERRO FIF RENDA FIXA CRÉDITO PRIVADO - RESP LIMITADA","02888152000106"
"26664935000166","DEVANT AUDAX FUNDO DE INVESTIMENTO FINANCEIRO RESPONSABILIDADE LIMITADA","28363263000184"
"31963396000104","DEVANT MAGNA FUNDO DE INVESTIMENTO FINANCEIRO RESPONSABILIDADE LIMITADA","28363263000184"
"22003346000186","DEVANT SOLIDUS CASH FUNDO DE INVESTIMENTO FINANCEIRO","28363263000184"
"19436808000144","DEZOITO FIF CLASSE DE INVESTIMENTO RENDA FIXA CRÉDITO PRIVADO RESPONSABILIDADE LIMITADA","65913436000117"
"27883656000156","DHF FUNDO DE INVESTIMENTO FINANCEIRO","72116353000162"
"12059831000118","DHF-M FUNDO DE INVESTIMENTO FINANCEIRO","72116353000162"
"42847253000145","DIEGO 10 PREVIDÊNCIA FUNDO DE INVESTIMENTO FINANCEIRO MULTIMERCADO","12695840000103"
"64429184000192","DRIVE CDI D5 FUNDO INCENTIVADO DE INVESTIMENTO FINANCEIRO EM INFRAESTRUTURA RENDA FIXA","10552066000148"
"52280783000108","DRYS SHELTER MASTER FIF RF CRÉD PRIV LP - RESPONSABILIDADE LIMITADA","08204817000193"
"63285329000166","DRYS SHELTER PREV XP FUNDO DE INVESTIMENTO FINANCEIRO RENDA FIXA CRÉDITO PRIVADO - RESP LIMITADA","08204817000193"
"61272108000128","DRYS SHELTER TOP 30 MASTER FIF RENDA FIXA CRÉDITO PRIVADO LONGO PRAZO - RESPONSABILIDADE LIMITADA","08204817000193"
"62736500000143","DW I CRÉDITOS FUNDO DE INVESTIMENTO FINANCEIRO MULTIMERCADO","07625159000140"
"62136382000132","EDUCA FIF FUNDO INCENTIVADO EM INVESTIMENTO EM DEBÊNTURES DE INFRA RF CRED PRIV RESP LIMITADA","40430971000196"
"41837660000109","EMB VI A FIF  - CLASSE DE INVESTIMENTO RF  CRÉDITO PRIV  - RESP  LIMITADA","68622174000120"
"41681780000160","EQI CRÉDITO FIFE PREVIDÊNCIA FUNDO DE INVESTIMENTO FINANCEIRO MULTIMERCADO","32288914000196"
"05508422000196","EQTPREV STRATEGY FIF MULTIMERCADO CRÉDITO PRIVADO DE RESPONSABILIDADE LIMITADA","54286457000133"
"43631871000116","EURÁSIA PREVIDÊNCIA FUNDO DE INVESTIMENTO MULTIMERCADO CRÉDITO PRIVADO RESPONSABILIDADE LIMITADA","15289957000177"
"62172231000130","FAMÍLIA ESPÍRITO SANTO FIF FI INCENTIVADO EM DEBÊNTURES DE INFRA RENDA FIXA CRED PRIV RESP LIMITADA","40430971000196"
"62967494000135","FAMÍLIA RORATO PLUS FIF FI INCENTIVADO EM DEBÊNTURES DE INFRA RENDA FIXA CRED PRIV RESP LIMITADA","40430971000196"
"30630324000174","FCOPEL FUNDO DE INVESTIMENTO FINANCEIRO RENDA FIXA CRÉDITO PRIVADO III RESPONSABILIDADE LIMITADA","13189882000127"
"62939100000135","FCOPEL FUNDO DE INVESTIMENTO FINANCEIRO RENDA FIXA CRÉDITO PRIVADO IV - RESPONSABILIDADE LIMITADA","02888152000106"
"30330495000188","FCOPEL II FUNDO DE INVESTIMENTO RENDA FIXA","68622174000120"
"11225793000163","FÊNIX FUNDOS DE INVESTIMENTO MULTIMERCADO","26454342000175"
"42813751000177","FEXY PREVIDÊNCIA FUNDO DE INVESTIMENTO MULTIMERCADO","12695840000103"
"51556889000129","FINANCE BLUE FUNDO DE INVESTIMENTO MULTIMERCADO CRÉDITO PRIVADO","15289957000177"
"21613158000107","FO FUNDO DE INVESTIMENTO FINANCEIRO RENDA FIXA","12695840000103"
"36295878000149","FONTE BOA FUNDO DE INVESTIMENTO MULTIMERCADO CRÉDITO PRIVADO","17889040000139"
"50006439000108","FP FOF JGP CORPORATE FI FINANCEIRO - CI RF CRED PRIV - RESP LIMITADA","13189882000127"
"50069605000107","FP FOF SPARTA TOP FI FINANCEIRO - CI RF CRED PRIV - RESP LIMITADA","72745714000130"
"58444240000165","FR CLASSE DE INVESTIMENTO MULTIMERCADO CRÉDITO PRIVADO - RESP LIMITADA","31384260000131"
"55035529000132","FRG FIF - CLASSE DE INVESTIMENTO MULTIMERCADO CRÉDITO PRIVADO - RESPONSABILIDADE LIMITADA","60746948000112"
"37452819000108","FRM CLASSE DE INVESTIMENTO RENDA FIXA CRÉDITO PRIVADO -  RESP LIMITADA","11519438000105"
"41837736000104","FUNDO DE INVESTIMENTO FINANCEIRO - CLASSE DE INVESTIMENTO  MULT CRED PRIV BVP 421 - RESP LIMITADA","60746948000112"
"17913386000125","FUNDO DE INVESTIMENTO FINANCEIRO MULTIMERCADO GIDU INVEST NO EXTERIOR CRÉD PRIV - RESP LIMITADA","09262533000116"
"51168708000197","FUNDO DE INVESTIMENTO FINANCEIRO MULTIMERCADO LT","29650082000100"
"13935899000186","FUNDO DE INVESTIMENTO FINANCEIRO MULTIMERCADO VEGA","12695840000103"
"54441115000140","FUNDO DE INVESTIMENTO MULT FRATELLI II LONGO PRAZO - CRÉDITO PRIVADO RESPONSABILIDADE LIMITADA","46189909000130"
"54440968000168","FUNDO DE INVESTIMENTO MULTIMERCADO FRATELLI III LONGO PRAZO - CRÉDITO PRIVADO RESPONSABILIDADE LIMIT","46189909000130"
"14158932000171","FUNDO DE INVESTIMENTO MULTIMERCADO FRATELLI LONGO PRAZO","46189909000130"
"50799566000101","FUNSSEST ESTRATÉGIA I FUNDO DE INVESTIMENTO FINANCEIRO RENDA FIXA","11077576000173"
"50765883000107","FUNSSEST ESTRATÉGIA II FUNDO DE INVESTIMENTO FINANCEIRO RENDA FIXA","68622174000120"
"30453289000165","G5 ALLOCATION FUNDO DE INVESTIMENTO FINANCEIRO MULTIMERCADO","09446129000100"
"57030535000122","G5 FEJUCA III FUNDO DE INVESTIMENTO MULTIMERCADO","09446129000100"
"64820042000151","G5 PITAGORAS II FUNDO DE INVESTIMENTO FINANCEIRO MULTIMERCADO","09446129000100"
"26143135000108","G5 POLARIS PREV ICATU QUALIFICADO FIF - CLASSE DE INVESTIMENTO MULT CRED PRIV - RESP LIMITADA","09446129000100"
"38150833000101","G5 TORONTO FUNDO DE INVESTIMENTO FINANCEIRO MULTIMERCADO","09446129000100"
"54366569000102","GALÉS FIF - CLASSE DE INVESTIMENTO RENDA FIXA CRÉDITO PRIVADO DI - RESPONSABILIDADE LIMITADA","02888152000106"
"24572511000146","GALT FI FINANCEIRO RENDA FIXA CRÉDITO PRIVADO LONGO PRAZO - RESPONSABILIDADE LIMITADA","09175140000175"
"55196942000189","GEONIX FUNDO DE INVESTIMENTO MULTIMERCADO CRÉDITO PRIVADO","12695840000103"
"14399722000175","GERDAU 4 PREVIDÊNCIA FIF RENDA FIXA CRÉDITO PRIVADO - RESPONSABILIDADE LIMITADA","16789525000198"
"56608307000124","GERDAU PREV FIF RENDA FIXA CRÉDITO PRIVADO 6 LONGO PRAZO DE RESPONSABILIDADE LIMITADA","21813291000107"
"14399804000110","GERDAU PREVIDÊNCIA 3 FIF - CLASSE DE INVESTIMENTO RF CRÉDITO PRIVADO - RESP LIMITADA","68622174000120"
"20887247000189","GERDAU PREVIDÊNCIA FUNDO DE INVESTIMENTO RENDA FIXA CRÉDITO PRIVADO 5","11397672000280"
"54410516000133","GHT4 CASH FUNDO DE INVESTIMENTO RENDA FIXA - RESPONSABILIDADE LIMITADA","37654166000131"
"58942869000135","GIANT CRÉDITO HIGH GRADE FUNDO DE INVESTIMENTO EM RENDA FIXA CRÉDITO PRIVADO LONGO PRAZO","38150247000167"
"26861544000131","GIN&FRED FUNDO DE INVESTIMENTO MULTIMERCADO CRÉDITO PRIVADO","15289957000177"
"51885543000174","GLPG HAMBURGO FUNDO DE INVESTIMENTO FINANCEIRO - CLASSE DE INVESTIMENTO RF CRED PRIV - RESP LIMITADA","29158123000137"
"35927084000198","GPD PREV FUNDO DE INVESTIMENTO MULTIMERCADO CRÉDITO PRIVADO RESPONSABILIDADE LIMITADA","15289957000177"
"36620786000197","GRATIDÃO ICATU QUALIFICADO PREVIDENCIÁRIO CIM CRÉDITO PRIVADO - RESP LIMITADA","31384260000131"
"42682358000191","GREEN PREVIDÊNCIA FUNDO DE INVESTIMENTO FINANCEIRO MULTIMERCADO","12695840000103"
"63610895000104","GUANACO KINEA FIF FI INCENTIVADO EM DEBÊNTURES DE INFRA RF CRED PRIV RESP LIMITADA","08604187000144"
"59997256000168","GUARDIAN GESTORA PREVIDÊNCIA FIFE FUNDO DE INVESTIMENTO FINANCEIRO RENDA FIXA","37414193000137"
"45386487000120","GUARDIAN ICATU PREV FI FINANCEIRO - CI RF CRED PRIV - RESP LIMITADA","37414193000137"
"49227505000182","H7 PREV FUNDO DE INVESTIMENTO MULTIMERCADO CRÉDITO PRIVADO RESPONSABILIDADE LIMITADA","15289957000177"
"17041023000147","HARPIA CRED PRIV FI FINANCEIRO - CI RF CRED PRIV - RESP LIMITADA","04274010000176"
"28840203000105","HIGH YIELD MASTER FUNDO DE INVESTIMENTO FINANCEIRO MULTIMERCADO CRÉDITO PRIVADO RESP LIMITADA","40430971000196"
"64142774000130","HNRQ CLASSE DE INVESTIMENTO RENDA FIXA INCENTIVADA EM INFRAESTRUTURA - RESPONSABILIDADE LIMITADA","19807960000196"
"37322048000126","IBIUNA CREDIT FIF - CLASSE DE INVESTIMENTO MULTIMERCADO CRÉDITO PRIVADO - RESP LIMITADA","19493000000107"
"42119476000196","IBIUNA CREDIT PREV FIFE FIF - CLASSE DE INVESTIMENTO MULTIMERCADO CRED PRIV I - RESP LIMITADA","49223404000133"
"44703439000156","IBIUNA CREDIT PREV FIFE FIF - CLASSE DE INVESTIMENTO MULTIMERCADO CRED PRIV II - RESP LIMITADA","19493000000107"
"45656777000147","IBIUNA CREDIT PREV ITAÚ FIFE FIF MULTIMERCADO CRÉDITO PRIVADO RESPONSABILIDADE LIMITADA","49223404000133"
"41545043000130","IBIUNA TOTAL CREDIT FIF - CLASSE DE INVESTIMENTO MULTIMERCADO CRÉD PRIV - RESPONSABILIDADE LIMITADA","19493000000107"
"59039877000139","ICATU CADENZA PREV FIFE FIF MULT CRÉDITO PRIVADO - RESP LIMITADA","12417157000104"
"59091384000148","ICATU TRÍADE PREV FIFE FIF CLASSE DE INVESTIMENTO MULTIMERCADO CRED PRIV - RESP LIMITADA","12417157000104"
"46685489000183","ICATU VANGUARDA  ABSOLUTO II FIFE FIF - CLASSE DE INVESTIMENTO RF CRED PRIV - RESP LIMITADA","68622174000120"
"47540095000108","ICATU VANGUARDA ABSOLUTO B FIFE FIF - CLASSE DE INVESTIMENTO MUL CRÉDITO PRIVADO - RESP LIMITADA","68622174000120"
"34081211000118","ICATU VANGUARDA ABSOLUTO FIFE FIF - CLASSE DE INVESTIMENTO RF CRED PRIV PREVIDENCIÁRIO - RESP  LTDA","68622174000120"
"46685502000102","ICATU VANGUARDA ABSOLUTO II FIF RENDA FIXA CRED PRIV PREVIDENCIÁRIO - RESP LIMITADA","68622174000120"
"47212494000131","ICATU VANGUARDA ABSOLUTO II IU FIFE FIF RENDA FIXA CRÉD PRIV LP PREVIDENCIÁRIO - RESP LIMITADA","68622174000120"
"52986251000190","ICATU VANGUARDA ABSOLUTO II XP SEG FUNDO DE INVESTIMENTO RENDA FIXA CP PREV - RESP LIMITADA","68622174000120"
"46762380000100","ICATU VANGUARDA ABSOLUTO INFLAÇÃO FIF RF CRED PRIV PREVIDENCIÁRIO - RESP LIMITADA","42283770000139"
"46762699000128","ICATU VANGUARDA ABSOLUTO INFLAÇÃO FIFE FIF RF CRÉDITO PRIVADO - RESPONSABILIDADE LIMITADA","68622174000120"
"34781259000139","ICATU VANGUARDA ABSOLUTO IU FIFE FIF RENDA FIXA CRÉDITO PRIVADO PREVIDENCIÁRIO RESP LIMITADA","68622174000120"
"60512384000153","ICATU VANGUARDA ABSOLUTO LC FIF CLASSE DE INVESTIMENTO RF CRED PRIV PREVIDENCIÁRIO - RESP LIMITADA","68622174000120"
"45444067000153","ICATU VANGUARDA ABSOLUTO PLUS FIFE FIF - CLASSE DE INVESTIMENTO RF CRÉDITO PRIVADO - RESP LIMITADA","68622174000120"
"41776707000171","ICATU VANGUARDA ABSOLUTO PLUS INFLAÇÃO QUALIFICADO IU FIFE FIF RF CRED PRIV PREV - RESP LIMITADA","68622174000120"
"45444101000190","ICATU VANGUARDA ABSOLUTO PLUS QUALIFICADO FIF RENDA FIXA CRED PRIV PREVIDENCIÁRIO - RESP LIMITADA","68622174000120"
"41776781000198","ICATU VANGUARDA ABSOLUTO PLUS QUALIFICADO IU FIFE FIF RF CRED PRIV PREVIDENCIÁRIO RESP LIMITADA","68622174000120"
"53990350000109","ICATU VANGUARDA ABSOLUTO PLUS QUALIFICADO XP SEG FIRF CRÉDITO PRIVADO PREVIDENCIÁRIO - RESP LIMITADA","68622174000120"
"56108411000150","ICATU VANGUARDA BRASILPREV ABSOLUTO PLUS FIFE FIF RF CRED PRIV - RESP LIMITADA","68622174000120"
"58088687000149","ICATU VANGUARDA CREDIT PLUS II FIF RENDA FIXA CRÉDITO PRIVADO - RESP LIMITADA","68622174000120"
"32760072000123","ICATU VANGUARDA CREDIT PLUS MASTER FIF - CLASSE DE INVESTIMENTO RF CRED PRIV - RESP LIMITADA","68622174000120"
"48953198000154","ICATU VANGUARDA CREDIT PLUS VC FIF - CLASSE DE INVESTIMENTO RF CRED PRIV - RESP LIMITADA","68622174000120"
"60818669000117","ICATU VANGUARDA CREDIT PLUS VP FUNDO DE INVESTIMENTO FINANCEIRO RENDA FIXA","68622174000120"
"07900255000150","ICATU VANGUARDA CRÉDITO PRIVADO FIF - CLASSE DE INVESTIMENTO RENDA FIXA LP -RESP LIMITADA","68622174000120"
"58327943000103","ICATU VANGUARDA DINÂMICO CDI FIF CLASSE DE INVESTIMENTO MULTIMERCADO - RESPONSABILIDADE LIMITADA","68622174000120"
"53444176000107","ICATU VANGUARDA DINÂMICO CDI FIFE FIF MULT CPRIV PREV - RESP LIMITADA","68622174000120"
"53990541000170","ICATU VANGUARDA DINÂMICO CDI XP SEG FIM CRÉDITO PRIVADO PREVIDENCIÁRIO - RESPONSABILIDADE LIMITADA","68622174000120"
"47020699000115","ICATU VANGUARDA DINÂMICO IPCA XP SEG FUNDO DE INVESTIMENTO MULTIMERCADO CP PREV - RESP LIMITADA","68622174000120"
"19719727000151","ICATU VANGUARDA INFLAÇÃO FIF - CI RENDA FIXA CRÉD PRIV LONGO PRAZO - RESP LIMITADA","68622174000120"
"36521750000156","ICATU VANGUARDA INSTITUCIONAL IS FIF - CLASSE DE INVESTIMENTO RF CRÉDITO PRIVADO - RESP LIMITADA","68622174000120"
"35609382000130","ICATU VANGUARDA IPORÃ PG FIF CLASSE DE INVESTIMENTO MULTIMERCADO CRED PRIV - RESP LIMITADA","68622174000120"
"44212301000154","ICATU VANGUARDA IPORÃ PG INFLAÇÃO FIF CLASSE DE INVESTIMENTO MULTIMERCADO CRÉD PRIV RESP LIMITADA","68622174000120"
"64025077000107","ICATU VANGUARDA IPORANGA PG FIF - CLASSE DE INVESTIMENTO MULTIMERCADO CRED PRIV - RESP LIMITADA","68622174000120"
"44917374000141","ICATU VANGUARDA LIQUIDEZ FIF- CLASSE DE INVESTIMENTO RF CRÉDITO PRIVADO LONGO PRAZO - RESP LIMITADA","68622174000120"
"36617679000100","ICATU VANGUARDA MIRANTE FIF - CLASSE DE INVESTIMENO RENDA FIXA CRÉDITO PRIVADO - RESP LIMITADA","68622174000120"
"58107448000199","ICATU VANGUARDA QP4 FUNDO DE INVESTIMENTO FINANCEIRO RENDA FIXA CRÉDITO PRIVADO RESP LIMITADA","68622174000120"
"44967444000176","INTEGRAL CASH FUNDO DE INVESTIMENTO FINANCEIRO RENDA FIXA","06576569000186"
"15174629000125","INTEGRAL FUNDO DE INVESTIMENTO FINANCEIRO RENDA FIXA","06576569000186"
"35435878000134","INTER ANS FI FINANCEIRO RENDA FIXA CRÉDITO PRIVADO LONGO PRAZO - RESPONSABILIDADE LIMITADA","05585083000141"
"20879578000177","INTER CONSERVADOR FUNDO DE INVESTIMENTO FINANCEIRO RENDA FIXA CRÉDITO PRIVADO RESP LIMITADA","05585083000141"
"09720710000160","INTER CONSERVADOR PLUS FIF RENDA FIXA CRÉDITO PRIVADO LONGO PRAZO RESP LIMITADA","05585083000141"
"36517858000175","INTER ICATU PREVIDÊNCIA FIFE FIF - CLASSE DE INVESTIMENTO RF CRED PRIV - RESP LIMITADA","05585083000141"
"27826059000190","INTER PREMIUM FUNDO DE INVESTIMENTO FINANCEIRO RENDA FIXA CRÉDITO PRIVADO LONGO PRAZO RESP LIMITADA","05585083000141"
"26978438000132","IRIDIUM APOLLO FIF RENDA FIXA CRÉDITO PRIVADO LONGO PRAZO - RESPONSABILIDADE LIMITADA","27028424000110"
"32312343000188","IRIDIUM APOLLO MASTER PREV FI FINANCEIRO RENDA FIXA CRÉDITO PRIVADO -  RESPONSABILIDADE LIMITADA","27028424000110"
"32225253000150","IRIDIUM TITAN MASTER FIF RENDA FIXA CRÉDITO PRIVADO - RESPONSABILIDADE LIMITADA","27028424000110"
"40022460000135","IS MÁSTER ESG PREVIDÊNCIA FI FINANCEIRO - CI SUSTENTÁVEL RF CRED PRIV - RESP LIMITADA","60746948000112"
"31217083000107","ITAÚ ACTIVE FIX DUAL MULTIMERCADO CRÉDITO PRIVADO FUNDO DE INVESTIMENTO FINANCEIRO RESP LIMITADA","40430971000196"
"35500650000180","ITAÚ ACTIVE FIX ESG CRÉDITO PRIVADOMULTIMERCADO INVESTIMENTO SUSTENTÁVEL FIF RESP LIMITADA","40430971000196"
"57566789000160","ITAÚ ACTIVE FIX ESG HORIZONTE IS FIF MULTIMERCADO CRÉDITO PRIVADO RESP LIMITADA","40430971000196"
"41734999000180","ITAÚ BTG PACTUAL CORPORATIVO PLUS FIFE PREV FIF MULTIMERCADO CRÉDITO PRIVADO RESP LIMITADA","29650082000100"
"45722996000187","ITAÚ BTG PACTUAL CRÉDITO CORPORATIVO IPCA PREV FIF RENDA FIXA CRÉDITO PRIVADO RESP LIMITADA","29650082000100"
"41736548000181","ITAÚ BTG PACTUAL CRÉDITO CORPORATIVO PREVIDÊNCIA FIF RENDA FIXA CRÉDITO PRIVADO LP RESP LIMITADA","29650082000100"
"41649957000140","ITAÚ CRÉDITO ESTRUTURADO ALPES MASTER FIF MULTIMERCADO CRÉDITO PRIVADO RESP LIMITADA","40430971000196"
"64310078000195","ITAÚ DEB INCENTIVADAS PÓS FIXADO SF FIIF EM INFRA RF CRED PRIV RESP LIMITADA","40430971000196"
"42736995000101","ITAÚ DIFERENCIADO FUNDO DE INVESTIMENTO FINANCEIRO RENDA FIXA CRÉDITO PRIVADO RESP LIMITADA","40430971000196"
"30593140000181","ITAÚ FLEXPREV ACTIVE FIX FIF RF CRÉD PRIV - RESP LIMITADA","40430971000196"
"58013738000173","ITAÚ FLEXPREV ADVANCED DISTRIBUIDORES FIFE FIF MULT CRÉD PRIV RESP LIMITADA","40430971000196"
"49980566000116","ITAÚ FLEXPREV ADVANCED FIF MULT CRED PRIV - RESP LIMITADA","40430971000196"
"58219849000130","ITAÚ FLEXPREV DUAL ADVANCED FUNDO DE INVESTIMENTO FINANCEIRO MULTIMERCADO CRED PRIV RESP LIMITADA","40430971000196"
"29259723000191","ITAÚ FLEXPREV HIGH YIELD FIF RF CRED PRIV - RESP LIMITADA","40430971000196"
"42814944000142","ITAÚ FLEXPREV HIGH YIELD II FUNDO DE INVESTIMENTO FINANCEIRO MULT CRÉD PRIV - RESP LIMITADA","40430971000196"
"13411914000197","ITAÚ FLEXPREV PRIVATE FUNDO DE INVESTIMENTO FINANCEIRO RENDA FIXA CRÉDITO PRIVADO - RESP LIMITADA","40430971000196"
"54643280000185","ITAÚ FLEXPREV SINFONIA DISTRIBUIDORES  FIF MULTIMERCADO CRÉDITO PRIVADO - RESPONSABILIDADE LIMITADA","40430971000196"
"42699050000159","ITAÚ FLEXPREV SINFONIA FIF MULTIMERCADO CRÉDITO PRIVADO - RESPONSABILIDE LIMITADA","40430971000196"
"42264017000104","ITAÚ HIGH YIELD ALL MULTIMERCADO CRÉDITO PRIVADO FIF RESP LIMITADA","40430971000196"
"42282188000158","ITAÚ HIGH YIELD II PREV DISTRIBUIDORES XP FIF MULT CRÉD PRIV - RESP LIMITADA","40430971000196"
"42814813000165","ITAÚ HIGH YIELD PREV DISTRIBUIDORES BP FIF RF CRÉD PRIV - RESP LIMITADA","40430971000196"
"41681275000115","ITAÚ INSTITUCIONAL PRECISION CRÉDITO PRIVADO RENDA FIXA LONGO PRAZO FIF RESP LIMITADA","40430971000196"
"17051205000107","ITAÚ INSTITUCIONAL RENDA FIXA ACTIVE FIX CRÉDITO PRIVADO MASTER FIF RESPONSABILIDADE LIMITADA","40430971000196"
"32159534000151","ITAÚ PRECISION ADVANCED FUNDO DE INVESTIMENTO FINANCEIRO  MULTIMERCADO CRÉDITO PRIV RESP LIMITADA","40430971000196"
"06066907000130","ITAÚ RENDA FIXA CRED PRIV MASTER ACTIVE FIX FIF RESPONSABILIDADE LIMITADA","40430971000196"
"10264255000115","ITAÚ RENDA FIXA CRÉDITO PRIVADO DIFERENCIADO FIF RESP LIMITADA","40430971000196"
"21888723000149","ITAÚ RENDA FIXA CRÉDITO PRIVADO DIFERENCIADO II FUNDO DE INVESTIMENTO FINANCEIRO RESP LIMITADA","40430971000196"
"28851713000188","ITAÚ RENDA FIXA CRÉDITO PRIVADO DIFERENCIADO IQ FUNDO DE INVESTIMENTO FINANCEIRO RESP LIMITADA","40430971000196"
"54227728000180","ITAÚ SINFONIA ALL FUNDO DE INVESTIMENTO FINANCEIRO MULTIMERCADO CRÉD PRIV - RESP LIMITADA","40430971000196"
"42717986000165","ITAÚ SINFONIA MULTIMERCADO CRÉDITO PRIVADO FUNDO DE INVESTIMENTO FINANCEIRO RESP LIMITADA","40430971000196"
"40476059000175","ITAÚ VHC FUNDO DE INVESTIMENTO FINANCEIRO MULTIMERCADO CRÉDITO PRIVADO RESPONSABILIDADE LIMITADA","40430971000196"
"29196718000187","ITAÚ WEALTH IQ MASTER RENDA FIXA REFERENCIADO DI FIF RESP LIMITADA","40430971000196"
"58176513000138","IV IRB FIF - CLASSE DE INVESTIMENTO RENDA FIXA CRÉDITO PRIVADO - RESP LIMITADA","68622174000120"
"19941689000187","JACARANDÁ FUNDO DE INVESTIMENTO FINANCEIRO MULTIMERCADO CRÉDITO PRIVADO RESPONSABILIDADE LIMITADA","40430971000196"
"63445061000182","JARDIM BOTÂNICO FUNDO DE INVESTIMENTO FINANCEIRO RENDA FIXA CRÉDITO PRIVADO - RESP LIMITADA","13189882000127"
"58396943000165","JGP BLAZER FUNDO DE INVESTIMENTO FINANCEIRO MULTIMERCADO CRÉDITO PRIVADO - RESPONSABILIDADE LIMITADA","13189882000127"
"20833920000106","JGP CORPORATE MASTER FIF RENDA FIXA CRÉDITO PRIVADO LONGO PRAZO - RESPONSABILIDADE LIMITADA","13189882000127"
"18990334000115","JGP CORPORATE PLUS MASTER FUNDO DE INVESTIMENTO FINANCEIRO MULTIMERCADO CRÉDITO PRIVADO RESP LTDA","13189882000127"
"28767162000179","JGP CRÉDITO ADVISORY FI FINANCEIRO MULTIMERCADO CRÉDITO PRIVADO - RESPONSABILIDADE LIMITADA","13189882000127"
"46401052000170","JGP CRÉDITO B PREVIDÊNCIA FIFE FI FINANCEIRO - CI MULT CRED PRIV LP - RESP LIMITADA","13189882000127"
"52840769000111","JGP CRÉDITO PREVIDENCIÁRIO DINÂMICO FUNDO DE INVESTIMENTO MULTIMERCADO CRÉDITO PRIVADO RESP LIMITADA","13189882000127"
"46385360000150","JGP CRÉDITO PREVIDENCIÁRIO IPCA MASTER FIF RENDA FIXA CRÉD PRIV LONGO PRAZO - RESP LTDA","13189882000127"
"41867517000160","JGP CRÉDITO PREVIDENCIÁRIO ITAÚ RENDA FIXA FIF CRÉDITO PRIVADO FIFE RESPONSABILIDADE LIMITADA","13189882000127"
"32319525000180","JGP CRÉDITO PREVIDENCIÁRIO MASTER FIF RENDA FIXA CRÉD PRIV LONGO PRAZO - RESPONSABILIDADE LIMITADA","13189882000127"
"45683322000110","JGP ECOSSISTEMA FI FINANCEIRO MULTIMERCADO CRÉDITO PRIVADO - RESPONSABILIDADE LIMITADA","13189882000127"
"36518029000107","JGP MIRANTE FIF - CLASSE DE INVESTIMENTO RENDA FIXA CRÉDITO PRIVADO - RESP LIMITADA","13189882000127"
"24215239000147","JGP QP5 FUNDO DE INVESTIMENTO FINANCEIRO MULTIMERCADO LIVRE CRÉDITO PRIVADO RESP LIMITADA","13189882000127"
"21762085000115","JGP SELECT MASTER FUNDO DE INVESTIMENTO FINANCEIRO MULTIMERCADO CRÉDITO PRIVADO RESP LTDA","13189882000127"
"26525450000191","JGP SELECT PREMIUM FIF MULTIMERCADO CRÉDITO PRIVADO IE - RESPONSABILIDADE LIMITADA","13189882000127"
"56953911000198","JGP VÉRTICE CORPORATE III FI FINANCEIRO RENDA FIXA CRÉDITO PRIVADO - RESPONSABILIDADE LIMITADA","13189882000127"
"45103998000198","JIVE SOUL 177 PREV FIFE FUNDO DE INVESTIMENTO MULTIMERCADO CRÉDITO PRIVADO RESP LIMITADA","07170960000149"
"31247970000110","JULIUS BAER GESTÃO DE CRÉDITO SELETIVO 120 CRED PRIV FIF MULTIMERCADO - RESPONSABILIDADE LIMITADA","12695840000103"
"32711923000148","JUXTA CRUCEM FUNDO DE INVESTIMENTO FINANCEIRO MULTIMERCADO CRÉDITO PRIVADO RESP LIMITADA","40430971000196"
"41348601000177","JVV PREV FUNDO DE INVESTIMENTO FINANCEIRO MULTIMERCADO","12695840000103"
"59357502000117","JW1 JGP CRÉDITO FUNDO DE INVEST FINANCEIRO MULTIMERCADO CRÉDITO PRIVADO - RESPONSABILIDADE LIMITADA","13189882000127"
"55946775000146","KADIMA YIELD FI FINANCEIRO RENDA FIXA CRÉDITO PRIVADO LONGO PRAZO RESPONSABILIDADE LIMITADA","08792073000175"
"60442677000101","KIALT FUNDO DE INVESTIMENTO FINANCEIRO MULTIMERCADO","12695840000103"
"47086196000142","KILIMA BAHARI PREVIDENCIÁRIO FI MULTIMERCADO CRÉDITO PRIVADO RESPONSABILIDADE LIMITADA","34877615000112"
"47728212000153","KILIMA MOTO PREV FUNDO DE INVESTIMENTO RENDA FIXA CRÉDITO PRIVADO RESPONSABILIDADE LIMITADA","34877615000112"
"60008150000173","KINEA ALPES 2 PREV FUNDO DE INVESTIMENTO FINANCEIRO RENDA FIXA CRÉDITO PRIVADO RESP LIMITADA","08604187000144"
"41756159000118","KINEA ALPES PREV RENDA FIXA CRÉDITO PRIVADO FUNDO DE INVESTIMENTO FINANCEIRO RESP LIMITADA","08604187000144"
"42229399000127","KINEA ANDES PREV RENDA FIXA CRÉDITO PRIVADO FIF RESP LIMITADA","08604187000144"
"46332105000149","KINEA BVP FIFE FI FINANCEIRO - CI MULT CRED PRIV - RESP LIMITADA","08604187000144"
"55087532000108","KINEA CRÉDITO PRIVADO IX RENDA FIXA FUNDO DE INVESTIMENTO FINANCEIRO RENDA FIXA - RESP LIMITADA","08604187000144"
"26491419000187","KINEA CRÉDITO PRIVADO PREV RENDA FIXA FUNDO DE INVESTIMENTO FINANCEIRO RESPONSABILIDADE LIMITADA","08604187000144"
"41978506000157","KINEA FUNDO DE INVESTIMENTO FINANCEIRO RENDA FIXA CRÉDITO PRIVADO RESPONSABILIDADE LIMITADA","08604187000144"
"58733754000130","KINEA HIMALAIA PREV FUNDO DE INVESTIMENTO FINANCEIRO RENDA FIXA CRÉDITO PRIVADO RESP LIMITADA","08604187000144"
"50326147000144","KINEA INSTITUCIONAL FUNDO DE INVESTIMENTO FINANCEIRO RENDA FIXA CRÉD PRIV LONGO PRAZO RESP LIMITADA","08604187000144"
"52241587000124","KINEA NEPAL FIF MULT CRED PRIV - RESP LIMITADA","08604187000144"
"32990051000102","KINEA OPORTUNIDADE FUNDO DE INVESTIMENTO FINANCEIRO RENDA FIXA CRÉDITO PRIVADO RESP LIMITADA","08604187000144"
"56067582000188","KINEA PREV EMPRESARIAL FUNDO DE INVESTIMENTO FINANCEIRO RENDA FIXA RESPONSABILIDADE LIMITADA","08604187000144"
"61136998000140","KINEA PREV MONT BLANC FUNDO DE INVESTIMENTO FINANCEIRO RENDA FIXA CRÉDITO PRIVADO RESP LIMITADA","08604187000144"
"46975474000150","KINEA V FUNDO DE INVESTIMENTO FINANCEIRO RENDA FIXA CRÉDITO PRIVADO RESPONSABILIDADE LIMITADA","08604187000144"
"52204076000132","KINEA VII FUNDO DE INVESTIMENTO FINANCEIRO RENDA FIXA CRÉDITO PRIVADO RESP LIMITADA","08604187000144"
"41349248000140","KLARA PREV FUNDO DE INVESTIMENTO FINANCEIRO MULTIMERCADO","12695840000103"
"36521640000194","LARANJEIRAS FIF - CLASSE DE INVESTIMENTO MULTIMERCADO CRED PRIV - RESP LIMITADA","68622174000120"
"39487617000119","LEGACY CAPITAL CREDIT FUNDO DE INVESTIMENTO FINANCEIRO MULTIMERCADO - CRÉDITO PRIVADO RESPONSABILIDA","28674641000140"
"42449381000130","LEGACY CAPITAL PREVIDENCIÁRIO FIFE FIF RENDA FIXA CRED PRIV RESP LIMITADA","28674641000140"
"41348664000123","LEOPARDUS PREVIDÊNCIA FUNDO DE INVESTIMENTO FINANCEIRO MULTIMERCADO","12695840000103"
"37626651000100","LGCY FUNDO DE INVESTIMENTO FINANCEIRO MULTIMERCADO CRÉDITO PRIVADO RESPONSABILIDADE LIMITADA","28674641000140"
"56658377000197","LGCY FUNDO DE INVESTIMENTO FINANCEIRO RENDA FIXA CRÉDITO PRIVADO RESPONSABILIDADE LIMITADA","28674641000140"
"44917492000150","LIBERTAS HIGH GRADE FIF - CLASSE DE INVESTIMENTO MULTIMERCADO CRÉDITO PRIVADO - RESP LIMITADA","02562663000125"
"44917472000189","LIBERTAS HIGH YIELD FIF - CLASSE DE INVESTIMENTO RENDA FIXA CRÉDITO PRIVADO - RESP LIMITADA","11077576000173"
"46082347000121","LIBERTY FUNDO DE INVESTIMENTO MULTIMERCADO CRÉDITO PRIVADO","15289957000177"
"50128371000121","LIGA FI FINANCEIRO - CI MULT CRED PRIV - RESP LIMITADA","12695840000103"
"49647912000149","LIGA SOLIDÁRIA FUNDO DE INVESTIMENTO FINANCEIRO MULTIMERCADO","11519438000105"
"63900709000163","LIMA EVALDT KINEA FIF FI INCENTIVADO EM DEBÊNTURES DE INFRA RF CRED PRIV RESP LIMITADA","08604187000144"
"11447056000105","LINCOLN FUNDO DE INVESTIMENTO FINANCEIRO MULTIMERCADO CRÉDITO PRIVADO RESPONSABILIDADE LIMITADA","17590181000156"
"45756554000151","LISBOA PREV FUNDO DE INVESTIMENTO MULTIMERCADO CRÉDITO PRIVADO RESPONSABILIDADE LIMITADA","29580517000189"
"44903727000154","LOCUS FUNDO DE INVESTIMENTO FINANCEIRO","24176946000171"
"52954432000135","LONDRES PREVIDÊNCIA FUNDO DE INVESTIMENTO MULTIMERCADO CRÉDITO PRIVADO - RESPONSABILIDADE LIMITADA","29580517000189"
"52249657000190","LUMBER PREVIDÊNCIA FUNDO DE INVESTIMENTO MULTIMERCADO CRÉDITO PRIVADO RESPONSABILIDADE LIMITADA","12695840000103"
"40456283000103","LUSÍADAS FUNDO DE INVESTIMENTO FINANCEIRO MULTIMERCADO","12695840000103"
"39958460000162","M8 CAPITAL PLUS FUNDO DE INVESTIMENTO FINANCEIRO RENDA FIXA","18038439000179"
"54541970000123","M8 CAPITAL PREVIDÊNCIA FIFE FUNDO DE INVESTIMENTO RENDA FIXA","18038439000179"
"58481477000116","M8 YIELD FUNDO DE INVESTIMENTO RENDA FIXA REFERENCIADO","18038439000179"
"43636081000123","MAESTRANZA PREV FUNDO DE INVESTIMENTO MULTIMERCADO CRÉDITO PRIVADO RESPONSABILIDADE LIMITADA","29408732000105"
"41544993000140","MAG CRESOL FIF - CLASSE DE INVESTIMENTO MULT  - RESP  LIMITADA","16500294000150"
"11435287000107","MAG FUNDO DE INVESTIMENTO FINANCEIRO - CLASSE DE  INVESTIMENTO RENDA FIXA - RESP LIMITADATA","16500294000150"
"50223269000105","MAG HIGH GRADE FIF CLASSE DE INVESTIMENTO RENDA FIXA CRÉDITO PRIVADO LONGO PRAZO RESP LIMITADA","16500294000150"
"50697486000137","MAG HIGH GRADE PLUS 30 FIF RENDA FIXA CRÉDITO PRIVADO LONGO PRAZO - RESPONSABILIDADE LIMITADA","16500294000150"
"20833940000179","MAG OABPREV GO FUNDO DE  INVESTIMENTO FINANCEIRO MULTIMERCADO  RESPONSABILIDADE LIMITADA","16500294000150"
"32385140000111","MAG PREV XP SEGUROS ADVISORY FIF RF CRÉD PRIV - RESPONSABILIDADE LIMITADA","16500294000150"
"41579176000127","MAG PREVIDÊNCIA BP FUNDO DE INVESTIMENTO FINANCEIRO RENDA FIXA CRÉDITO PRIVADO - RESP LIMITADA","16500294000150"
"11961080000168","MAG PREVIDÊNCIA CRÉDITO PRIVADO FIF - CLASSE DE INVESTIMENTO RF  - RESP  LIMITADA","16500294000150"
"42682380000131","MANACOR PREV FUNDO DE INVESTIMENTO FINANCEIRO MULTIMERCADO","12695840000103"
"12698632000150","MARATHON FUNDO DE INVESTIMENTO MULTIMERCADO","16734572000134"
"56545142000199","MARTE FUNDO DE INVESTIMENTO FINANCEIRO MULTIMERCADO","08800008000144"
"10643489000173","MARTE FUNDO DE INVESTIMENTO FINANCEIRO MULTIMERCADO CRÉDITO PRIVADO RESPONSABILIDADE LIMITADA","68328632000112"
"60937559000174","MAUD CAPITAL FUNDO DE INVESTIMENTO FINANCEIRO RENDA FIXA","49347835000101"
"05615511000131","MBPREV I FUNDO DE INVESTIMENTO FINANCEIRO RENDA FIXA RESPONSABILIDADE LIMITADA","60746948000112"
"05615522000111","MBPREV II FUNDO DE INVESTIMENTO FINANCEIRO MULTIMERCADO RESPONSABILIDADE LIMITADA","60746948000112"
"20155921000130","METLIFE FUNDO DE INVESTIMENTO FINANCEIRO RENDA FIXA II RESPONSABILIDADE LIMITADA","07437241000141"
"41349195000167","MFY FUNDO DE INVESTIMENTO FINANCEIRO MULTIMERCADO","12695840000103"
"34172479000165","MINERVA FUNDO DE INVESTIMENTO FINANCEIRO MULTIMERCADO","12695840000103"
"52301436000114","MIRABAUD CONVICTION FIF - CLASSE DE INVESTIMENTO RENDA FIXA CRÉDITO PRIVADO - RESP LIMITADA","36684109000132"
"53076690000129","MIRABAUD ICATU PREV FUNDO DE INVESTIMENTO FINANCEIRO  RENDA FIXA CRÉDITO PRIVADO - RESP LIMITADA","36684109000132"
"49977033000185","MIRABAUD TRADITION FI FINANCEIRO - CI RF CRED PRIV - RESP LIMITADA","36684109000132"
"41545586000157","MOLICO FUNDO DE INVESTIMENTO FINANCEIRO MULT CRÉDITO PRIVADO - RESP LIMITADA","68622174000120"
"42535073000128","MONT BLANC FUNDO DE INVESTIMENTO FINANCEIRO RF CRÉD PRIV RESP LIMITADA","11077576000173"
"04764252000148","MONT BLANC PREVIDENCIÁRIO FUNDO DE INVESTIMENTO FINANCEIRO RENDA FIXA","02562663000125"
"42774252000118","MONTE BRAVO HIGH GRADE FUNDO DE INVESTIMENTO FINANCEIRO RENDA FIXA","34877615000112"
"40815606000108","MONTE BRAVO SIRIUS FI FINANCEIRO MULTIMERCADO CRÉDITO PRIVADO - RESPONSABILIDADE LIMITADA","34877615000112"
"62467068000132","MONTE SINAI FIF FUNDO INCENTIVADO EM PRIV EM DEB DE INFRA RENDA FIXA CRED PRIVADO RESP LIMITADA","40430971000196"
"26324274000120","MULTICOOP FUNDO DE INVESTIMENTO FINANCEIRO RENDA FIXA CRÉDITO PRIVADO RESPONSABILIDADE LIMITADA","02562663000125"
"48948661000170","NEST MACAW RF FIFE ICATU PREVIDENCIÁRIO FIF - CLASSE DE INVESTIMENTO RF CRED PRIV - RESP LIMITADA","08466131000170"
"11248452000103","NESTON FIF - CLASSE DE INVESTIMENTO RENDA FIXA CRÉDITO PRIVADO LP - RESPONSABILIDADE LIMITADA","13189882000127"
"62233496000109","NEWERA FIF FUNDO INCENTIVADO EM INVESTIMENTO EM DEB DE INFRA RENDA FIXA CRED PRIV RESP LIMITADA","40430971000196"
"49077283000169","NOVA PATAGONIA FUNDO DE INVESTIMENTO MULTIMERCADO CRÉDITO PRIVADO","31384260000131"
"45443993000104","NOVUS CRÉDITO HIGH GRADE FUNDO DE INVESTIMENTO MULTIMERCADO LONGO PRAZO","42524344000140"
"60906569000142","NOVUS CRÉDITO PREVIDÊNCIA FUNDO DE INVESTIMENTO FINANCEIRO MULTIMERCADO","42524344000140"
"45688098000150","NU YIELD FUNDO DE INVESTIMENTO FINANCEIRO RENDA FIXA CRÉDITO PRIVADO LONGO PRAZO RESP LIMITADA","29349426000137"
"26803172000197","NW1 FUNDO DE INVESTIMENTO MULTIMERCADO CREDITO PRIVADO IE - RESPONSABILIDADE LIMITADA","05451668000179"
"47586503000154","OCCAM BP PREVIDÊNCIA FI FINANCEIRO RENDA FIXA CRÉDITO PRIVADO - RESPONSABILIDADE LIMITADA","43228545000162"
"51538282000116","OCCAM BRASILPREV PREVIDÊNCIA FI FINANCEIRO RENDA FIXA CRÉDITO PRIVADO - RESPONSABILIDADE LIMITADA","43228545000162"
"47586388000118","OCCAM CRÉDITO CORPORATIVO 30 MASTER FIF RENDA FIXA CRED PRIV LONGO PRAZO - RESPONSABILIDADE LIMITADA","43228545000162"
"52237532000140","OCCAM CRÉDITO CORPORATIVO INSTITUCIONAL 30 FIF RENDA FIXA CRÉDITO PRIVADO -RESPONSABILIDADE LIMITADA","43228545000162"
"46098916000127","OCCAM LIQUIDEZ MASTER FI FINANCEIRO RENDA FIXA CRÉDITO PRIVADO - RESPONSABILIDADE LIMITADA","43228545000162"
"62240763000167","ONDA FIF FUNDO INCENTIVADO EM INVESTIMENTO EM DEBÊNTURES DE INFRA RENDA FIXA CRED PRIV RESP LIMITADA","40430971000196"
"42682169000119","ONNIX PREVIDÊNCIA FUNDO DE INVESTIMENTO FINANCEIRO MULTIMERCADO","12695840000103"
"47543238000127","ONZE ICATU PREV FIFE FI FINANCEIRO - CI RF CRED PRIV - RESP LIMITADA","34008311000119"
"36181909000130","ONZE ZURICH PREVIDÊNCIA DEFINITIVA FIF - CLASSE DE INVESTIMENTO MULTIMERCADO - RESP LIMITADA","34008311000119"
"13596496000150","PALMARES CLASSE DE INVESTIMENTO MULTIMERCADO CRÉDITO PRIVADO","08800008000144"
"50622383000108","PANAMBY HIGH GRADE D5 FUNDO DE INVESTIMENTO FINANCEIRO RENDA FIXA","10552066000148"
"59410619000117","PANAMBY HIGH GRADE D9 FIFE ICATU PREVIDÊNCIA FIF RF CRÉDITO PRIVADO - RESP LIMITADA","10552066000148"
"58804815000103","PANAMBY RENDA FIXA HIGH GRADE D31 FUNDO DE INVESTIMENTO FINANCEIRO RENDA  FIXA","10552066000148"
"46415283000133","PATAGÔNIA ONE FUNDO DE INVESTIMENTO FINANCEIRO MULTIMERCADO","39526263000174"
"26703080000135","PAVILLION FUNDO DE INVESTIMENTO FINANCEIRO MULTIMERCADO","12695840000103"
"50825877000190","PEACE FUNDO DE INVESTIMENTO FINANCEIRO RENDA FIXA","12695840000103"
"35844780000130","PENSION FUNDO DE INVESTIMENTO FINANCEIRO CLASSE DE INVESTIMENTO RENDA FIXA CRÉDITO PRIVADO","01638542000157"
"04587998000123","PÉRICLES CLASSE DE INVESTIMENTO  MULTIMERCADO CRÉDITO PRIVADO - RESP LIMITADA","19807960000196"
"49931360000104","PFTM PREVIDENCIÁRIO ICATU QUALIFICADO FI FINANCEIRO - CI MULT CRED PRIV - RESP LIMITADA","11519438000105"
"63882570000172","PIRACAIA CDI KINEA FIF FUNDO INCENTIVADO EM INVESTIMENTO EM DEB DE INFRA RF CRED PRIV RESP LIMITADA","08604187000144"
"11435262000103","PIRAHY FUNDO DE INVESTIMENTO FINANCEIRO MULTIMERCADO","12695840000103"
"15487311000102","PLURAL CRÉDITO CORPORATIVO FIF RENDA FIXA CRÉDITO PRIVADO LP - RESPONSABILIDADE LIMITADA","11397672000280"
"57884228000109","PLURAL CRÉDITO CORPORATIVO PREVIDENCIÁRIO FIFE FIF RENDA FIXA CRÉDITO PRIVADO RESP LIMITADA","11397672000280"
"15350679000116","PLURAL HIGH GRADE FIF RENDA FIXA CRÉDITO PRIVADO - RESPONSABILIDADE LIMITADA","11397672000280"
"42294333000110","PMAR FUNDO DE INVESTIMENTO FINANCEIRO RENDA FIXA CRÉDITO PRIVADO RESPONSABILIDADE LIMITADA","05585083000141"
"55689417000103","POLÍGONO CHARLIE PREVIDÊNCIA FUNDO DE INVESTIMENTO FINANCEIRO","43241789000185"
"57070309000175","POLO CRÉDITO CORPORATIVO INSTITUCIONAL MASTER FIF RF CRED PRIV LP - RESP LIMITADA","05451668000179"
"56974598000174","POLO CREDITO CORPORATIVO MASTER FI FINANCEIRO RENDA FIXA CREDITO PRIVADO LONGO PRAZO - RESP LIMITADA","05451668000179"
"43164438000118","POLO CRÉDITO ESTRUTURADO 90 FUNDO DE INVESTIMENTO FINANCEIRO MULTIMERCADO","05451668000179"
"58460574000122","POLO CRÉDITO PREVIDÊNCIA FUNDO DE INVESTIMENTO FINANCEIRO RENDA FIXA FIFE","05451668000179"
"23376623000169","POLO HIGH YIELD MASTER CRÉDITO PRIVADO FIF MULTIMERCADO - RESPONSABILIDADE LIMITADA","05451668000179"
"24986620000100","POLO MULTISETORIAL III CLASSE DE INVESTIMENTO MULTIMERCADO CRÉDITO PRIVADO - RESP LIMITADA","05451668000179"
"52272566000176","PORTFOLIO III RF INFLAÇÃO INCENTIVADA FUNDO DE INVESTIMENTO EM INFRAESTRUTURA RENDA FIXA","15289957000177"
"52273351000170","PORTFOLIO RF II PREV FUNDO DE INVESTIMENTO MULTIMERCADO CRÉDITO PRIVADO RESPONSABILIDADE LIMITADA","15289957000177"
"54888270000100","PORTO CRÉDITO ITAÚ PREVIDENCIÁRIO MASTER FUNDO DE INVESTIMENTO FIN RF CRÉD PRIVADO - RESP LIMITADA","16492391000149"
"63112599000175","PORTO PITANGUEIRA FIF RENDA FIXA CRÉDITO PRIVADO RESPONSABILIDADE LIMITADA","16492391000149"
"58174985000151","PORTO PREV BVP FIF RENDA FIXA CRÉDITO PRIVADO FIFE RESPONSABILIDADE LIMITADA","16492391000149"
"42777239000112","PORTO PREVIDENCIÁRIO FIFE FUNDO DE INVESTIMENTO FINANCEIRO RENDA  FIXA CRÉDITO PRIVADO RESP LIMITADA","16492391000149"
"45682244000130","PORTO RENDA FIXA SELECTION PREVIDÊNCIA FUNDO DE INVESTIMENTO RENDA FIXA","16492391000149"
"18719154000101","PORTO SEGURO FUNDO DE INVESTIMENTO FINANCEIRO RENDA FIXA REFERENCIADO DI CRED PRIV RESP LIMITADA","16492391000149"
"35377796000180","PORTO SEGURO MASTER FIF RENDA FIXA CRÉDITO PRIVADO LONGO PRAZO RESPONSABILIDADE LIMITADA","16492391000149"
"20889217000101","PORTO SEGURO MASTER PREVIDENCIÁRIO FIF RENDA FIXA CRÉD PRIV RESP  LIMITADA","58768284000140"
"54713571000100","PORTO VANTAGE FUNDO DE INVESTIMENTO RENDA FIXA PREVIDENCIARIO","16492391000149"
"64366238000118","PREVCUMMINS FUNDO DE INVESTIMENTO FINANCEIRO RENDA FIXA - RESPONSABILIDADE LIMITADA","29650082000100"
"49768506000134","PREVI RENDA FIXA HIGH GRADE IPCA FUNDO DE INVESTIMENTO FINANCEIRO CRÉDITO PRIVADO RESP LIMITADA","33754482000124"
"19719719000105","PREVICOKE FIF - CLASSE DE INVESTIMENTO RENDA FIXA CRÉDITO PRIVADO - RESP LIMITADA","13189882000127"
"29626006000150","PRINCIPAL CLARITAS ADVISORY ICATU PREVIDÊNCIA FI FINANCEIRO MULTIMERCADO - RESPONSABILIDADE LIMITADA","03987891000100"
"32397641000118","PRINCIPAL CLARITAS BTG PREVIDÊNCIA FUNDO DE INVESTIMENTO FINANCEIRO MULTIMERCADO","03987891000100"
"11447136000160","PRINCIPAL CLARITAS FUNDO DE INVESTIMENTO FINANCEIRO RENDA FIXA","03987891000100"
"41888721000167","PRINCIPAL CLARITAS LIQUIDEZ MASTER FUNDO DE INVESTIMENTO FINANCEIRO MULTIMERCADO","03987891000100"
"32742673000103","PRINCIPAL CLARITAS PREVIDÊNCIA FIFE FIF MULTIMERCADO CRÉDITO PRIVADO RESPONSABILIDADE LIMITADA","03987891000100"
"26313371000117","PRINCIPAL CLARITAS UNIMEDVX FUNDO DE INVESTIMENTO FINANCEIRO RENDA FIXA","03987891000100"
"26313391000198","PW2 FI FINANCEIRO MULTIMERCADO CRÉDITO PRIVADO INVESTIMENTO NO EXTERIOR - RESP LTDA","05451668000179"
"24215307000178","QUANTITA QP3 FUNDO DE INVESTIMENTO FINANCEIRO MULTIMERCADO LIVRE CRÉDITO PRIVADO RESP LIMITADA","13635309000108"
"57154741000144","QUANTITAS FUNDO DE INVESTIMENTO FINANCEIRO RENDA FIXA FIJI CRÉDITO PRIVADO LONGO PRAZO RESP LIMITADA","13635309000108"
"50765209000114","RA CLASSE DE INVESTIMENTO MULTIMERCADO CRÉDITO PRIVADO - RESP LIMITADA","21052737000128"
"18816175000137","RAFTER FI FINANCEIRO - CI RF CRED PRIV - RESP LIMITADA","02933874000127"
"50553108000180","RAFTER ICATU PREVIDENCIÁRIO QUALIFICADO FI FINANCEIRO - CI MULT CRED PRIV - RESP LIMITADA","02933874000127"
"20231879000190","RAFTER MODERADO FI FINANCEIRO - CI MULT CRED PRIV - RESP LIMITADA","02933874000127"
"06086684000172","RAMA FI FINANCEIRO - CI MULT CRED PRIV - RESP LIMITADA","02933874000127"
"38439714000173","RDA LIFFE PREV FUNDO DE INVESTIMENTO FINANCEIRO MULTIMERCADO","12695840000103"
"59755018000146","REACH FUNDO DE INVESTIMENTO FINANCEIRO RENDA FIXA","28928618000135"
"44459125000150","REAL FUNDO DE INVESTIMENTO MULTIMERCADO CRÉDITO PRIVADO","03226533000184"
"54875709000160","RÉGIA CORPORATE II FIF IS RENDA FIXA CRÉDITO PRIVADO LONGO PRAZO - RESPONSABILIDADE LIMITADA","54464258000178"
"38230040000100","RÉGIA CRÉDITO ESG MASTER FI FINANCEIRO MULTIMERCADO CRÉDITO PRIVADO IS - RESPONSABILIDADE LIMITADA","54464258000178"
"55928061000105","RÉGIA EQUILÍBRIO BRASILPREV FUNDO DE INVESTIMENTO FINANCEIRO IS RENDA FIXA CRÉD PRIV - RESP LIMITADA","54464258000178"
"53828295000155","RÉGIA EQUILÍBRIO FIF IS RENDA FIXA CRÉDITO PRIVADO LONGO PRAZO - RESPONSABILIDADE LIMITADA","54464258000178"
"40152515000121","RF FUTURE PREVIDÊNCIA FUNDO DE INVESTIMENTO FINANCEIRO MULTIMERCADO","12695840000103"
"36368438000174","RF TRUCK FIF INVESTIDOR PROFISSIONAL CLASSE DE INVESTIMENTO MULTIMERCADO CRÉDITO PRIVADO","01638542000157"
"29733674000187","RFT MISSISSIPI FI FINANCEIRO - CI MULT CRED PRIV - RESP LIMITADA","02933874000127"
"08868449000188","RHODES CLASSE DE INVESTIMENTO MULTIMERCADO CRÉDITO PRIVADO - RESP LIMITADA","19807960000196"
"11961206000102","RHODES FUNDO DE INVESTIMENTO FINANCEIRO MULTIMERCADO CRÉDITO PRIVADO RESPONSABILIDADE LIMITADA","16789525000198"
"60260680000104","RIO BRAVO CRED PRIV ESSENCIAL QUALIFICADO FIF - CLASSE DE INVESTIMENTO RF - RESP LIMITADA","03864607000108"
"09543255000175","RIO BRAVO FI FINANCEIRO - CI RF CRED PRIV - RESP LIMITADA","03864607000108"
"47543107000140","RIO GRANDE ABSOLUTO FIF RENDA FIXA CRÉDITO PRIVADO PREVIDENCIÁRIO - RESP LIMITADA","68622174000120"
"36247749000185","RIZA DAIKON MASTER FUNDO DE INVESTIMENTO FINANCEIRO MULTIMERCADO","50715649000167"
"44574326000106","RIZA EVI MASTER PREVIDENCIA FUNDO DE INVESTIMENTO FINANCEIRO MULTIMERCADO","50715649000167"
"44870067000152","RIZA HIGH GRADE MASTER FUNDO DE INVESTIMENTO FINANCEIRO RENDA FIXA CRÉDITO PRIVADO RESP LIMITADA","50715649000167"
"36498670000127","RIZA LOTUS FUNDO DE INVESTIMENTO FINANCEIRO RENDA FIXA","50715649000167"
"43915486000109","RIZA LOTUS PLUS MASTER FUNDO DE INVESTIMENTO FINANCEIRO RENDA FIXA","50715649000167"
"45646230000160","RIZA LOTUS PREVIDÊNCIA FUNDO DE INVESTIMENTO FINANCEIRO RENDA FIXA","50715649000167"
"40153085000162","ROMA PREV FUNDO DE INVESTIMENTO FINANCEIRO MULTIMERCADO","12695840000103"
"28788460000145","RONDÔNIA FIF - CLASSE DE INVESTIMENTO RENDA FIXA CRÉDITO PRIVADO - RESPONSABILIDADE LIMITADA","68622174000120"
"52272574000112","ROOT CAPITAL CRÉDITO HG BRASILPREV FIF RENDA FIXA CRÉDITO PRIVADO - RESPONSABILIDADE LIMITADA","11397040000135"
"52115449000107","ROOT CAPITAL CRÉDITO HG INSTITUCIONAL FIF RENDA FIXA CRÉDITO PRIVADO - RESPONSABILIDADE LIMITADA","11397040000135"
"46373760000145","ROOT CAPITAL CRÉDITO HG PREVIDÊNCIA FIF RENDA FIXA CRÉDITO PRIVADO - RESPONSABILIDADE LIMITADA","11397040000135"
"46329357000119","ROOT CAPITAL HG FI FINANCEIRO MULTIMERCADO CRÉDITO PRIVADO - RESPONSABILIDADE LIMITADA","11397040000135"
"62670474000106","ROOT CAPITAL HG PREVIDENCIÁRIO PLUS XP FI FINANCEIRO MULTIMERCADO CRÉD PRIV - RESP LIMITADA","11397040000135"
"34431868000168","ROOT CAPITAL HIGH YIELD FI FINANCEIRO MULTIMERCADO CRÉDITO PRIVADO - RESPONSABILIDADE LIMITADA","11397040000135"
"49366532000136","ROOT CAPITAL HIGH YIELD PREVIDÊNCIA FIF RENDA FIXA CRÉDITO PRIVADO - RESPONSABILIDADE LIMITADA","11397040000135"
"48411732000109","ROOT CAPITAL HIGH YIELD RADICE FIF MULTIMERCADO CRÉDITO PRIVADO IE - RESPONSABILIDADE LIMITADA","11397040000135"
"51726488000170","RUBIK RELIANCE FUNDO DE INVESTIMENTO FINANCEIRO MULTIMERCADO","42177684000141"
"08608370000118","SABESPREV CRÉDITO PRIVADO PPM FUNDO DE INVESTIMENTO FINANCEIRO RENDA FIXA RESPONSABILIDADE LIMITADA","02888152000106"
"17072894000128","SABESPREV FUNDO DE INVESTIMENTO FINANCEIRO MULTIMERCADO CRÉDITO PRIVADO RESPONSABILIDADE LIMITADA","05451668000179"
"58689667000123","SAFRA AGILITÉ MASTER FIF CLASSE DE  INVESTIMENTO RENDA FIXA CRÉDITO PRIVADO RESP LIMITADA","65913436000117"
"25079461000122","SAFRA ANS VITESSE FIF CLASSE DE INVESTIMENTO RENDA FIXA CRÉDITO PRIVADO RESPONSABILIDADE LIMITADA","65913436000117"
"60185164000162","SAFRA BRF PREV FUNDO DE INVESTIMENTO FINANCEIRO RENDA FIXA CRÉDITO PRIVADO RESPONSABILIDADE LIMITADA","65913436000117"
"09136668000135","SAFRA CAPITAL MARKET FIF CLASSE DE INVESTIMENTO RENDA FIXA CRÉDITO PRIVADO RESPONSABILIDADE LIMITADA","01638542000157"
"58735449000188","SAFRA GRAND VITESSE MASTER FIF CLASSE DE INVESTIMENTO RENDA FIXA CRÉDITO PRIVADO RESP LIMITADA","65913436000117"
"53450033000108","SAFRA HIGH YIELD MASTER FIF CLASSE DE INVESTIMENTO RENDA FIXA CRÉDITO PRIVADO RESP LIMITADA","01638542000157"
"59884498000145","SAFRA HIGH YIELD MASTER II FIF CLASSE DE INVESTIMENTO RENDA FIXA CRÉDITO PRIVADO RESP LIMITADA","65913436000117"
"30056825000199","SAFRA POLARIS FIF CLASSE DE INVESTIMENTO RENDA FIXA CRÉDITO PRIVADO RESPONSABILIDADE LIMITADA","01638542000157"
"19390898000180","SAFRA PREV CAPITAL MARKET FIF PREVIDENCIÁRIO CI RENDA FIXA CRÉDITO PRIVADO PREV RESP LIMITADA","65913436000117"
"53636931000147","SAFRA PREV HIGH YIELD MASTER FIF PREV CLASSE DE INVESTIMENTO RF CRÉDITO PRIVADO PREV RESP LIMITADA","01638542000157"
"51200543000193","SAFRA PREV RENDA FIXA FIF PREVIDENCIÁRIO CI RENDA FIXA CRÉDITO PRIVADO PREV RESP LIMITADA","01638542000157"
"12796193000118","SAFRA PREV VITESSE ICATU FIF PREV CI RF CRÉDITO PRIVADO PREVIDENCIÁRIO RESPONSABILIDADE LIMITADA","01638542000157"
"49328341000180","SAFRA PREV VITESSE MASTER FIF PREVIDENCIÁRIO CI RENDA FIXA CRÉDITO PRIVADO PREV RESP LIMITADA","01638542000157"
"57719249000179","SAFRA PREV VITESSE PLUS MASTER FIF PREV CLASSE DE INVESTIMENTO RF CRÉD PRIV PREV RESP LIMITADA","01638542000157"
"10347228000106","SAFRA REFERENCIADO FIF CLASSE DE INVEST RENDA FIXA REFERENCIADA DI CRÉDITO PRIVADO RESP LIMITADA","65913436000117"
"11447124000136","SAFRA VITESSE FIF CLASSE DE INVESTIMENTO RENDA FIXA CRÉDITO PRIVADO RESPONSABILIDADE LIMITADA","01638542000157"
"63901833000143","SAIUALA KINEA FIF - FUNDO INCENTIVADO EM INVESTIMENTO EM DEB DE INFRA RF CRED PRIV - RESP LIMITADA","08604187000144"
"02224382000162","SANTANDER  EQUILÍBRIO RENDA FIXA REF DI CRÉDITO PRIVADO - FIF RESP LIMITADA","10231177000152"
"17138466000150","SANTANDER ANS II RENDA FIXA CRÉDITO PRIVADO - FIF RESP LIMITADA","10231177000152"
"13455189000159","SANTANDER ANS RENDA FIXA CRÉDITO PRIVADO - FIF RESP LIMITADA","10231177000152"
"55193005000170","SANTANDER CRESCIMENTO INSTITUCIONAL MASTER RENDA FIXA CRÉDITO PRIVADO FIF RESP LIMITADA","10231177000152"
"17138474000105","SANTANDER CRESCIMENTO INSTITUCIONAL RENDA FIXA CRÉDITO PRIVADO LONGO PRAZO - FIF RESP LIMITADA","10231177000152"
"09577500000165","SANTANDER CRESCIMENTO RF CRÉD PRIV LONGO PRAZO - FIF RESP LIMITADA","10231177000152"
"64008119000193","SANTANDER DC RENDA FIXA CRÉDITO PRIVADO - FIF RESP LIMITADA","10231177000152"
"34476006000151","SANTANDER DINÂMICO RENDA FIXA CRÉDITO PRIVADO - FUNDO DE INVESTIMENTO FINANCEIRO RESP LIMITADA","10231177000152"
"19550100000110","SANTANDER FLEXÍVEL RF CRÉD PRIV - FIF RESP LIMITADA","10231177000152"
"41722175000190","SANTANDER FUNPRESP RENDA FIXA CRÉDITO PRIVADO - FIF RESP LIMITADA","10231177000152"
"43619743000157","SANTANDER HAPVIDA ANS RENDA FIXA CRÉDITO PRIVADO - FUNDO DE INVESTIMENTO FINANCEIRO RESP LIMITADA","10231177000152"
"42220424000101","SANTANDER PB ALOCAÇÃO RENDA FIXA CRÉDITO PRIVADO - CIC FIF","03502968000104"
"57035810000109","SANTANDER PB CX432 RENDA FIXA REFERENCIADO DI CRÉDITO PRIVADO - FIF RESP LIMITADA","03502968000104"
"37267132000194","SANTANDER PB RICCHEZZA MULTIMERCADO CRÉDITO PRIVADO - FUNDO DE INVESTIMENTO FINANCEIRO","03502968000104"
"01380701000166","SANTANDER PB VII MULTIMERCADO CRÉDITO PRIVADO - FUNDO DE INVESTIMENTO FINANCEIRO","03502968000104"
"18599004000101","SANTANDER PREV CRESCIMENTO RENDA FIXA CRÉDITO PRIVADO - FIF RESP LIMITADA","10231177000152"
"36233973000118","SANTANDER PREV DINÂMICO RENDA FIXA CRÉDITO PRIVADO - FIF RESP LIMITADA","10231177000152"
"49269925000121","SANTANDER PREV MULTIESTRATÉGIA RENDA FIXA CRÉDITO PRIVADO LONGO PRAZO - FIF RESP LIMITADA","10231177000152"
"42220446000171","SANTANDER PREV PB ALOCAÇÃO RF CRÉD PRIV - FIF RESP LIMITADA","03502968000104"
"37253989000155","SANTANDER PREV PB PRINCESA MULT CRÉDITO PRIVADO - FUNDO DE INVESTIMENTO FINANCEIRO RESP LIMITADA","03502968000104"
"37266789000137","SANTANDER PREV PB TSURU MULTIMERCADO CRÉDITO PRIVADO - FIF RESP LIMITADA","03502968000104"
"56185166000184","SANTANDER RENDA FIXA CRÉDITO PRIVADO ESG LONGO PRAZO - FIF RESP LIMITADA IS","10231177000152"
"29259957000139","SANTANDER TURMALINA RENDA FIXA CRÉDITO PRIVADO - FIF RESP LIMITADA","10231177000152"
"56053893000198","SANTO AGOSTINHO FUNDO DE INVESTIMENTO MULTIMERCADO","12695840000103"
"49270021000116","SBPREV I MASTER RENDA FIXA CRÉDITO PRIVADO - FIF RESP LIMITADA","10231177000152"
"24018842000139","SCORPIO FIF MULTIMERCADO CRÉDITO PRIVADO INVESTIMENTO NO EXTERIOR","02332886000104"
"53857092000197","SEC FUNDO DE INVESTIMENTO FINANCEIRO RENDA  FIXA CRÉDITO PRIVADO","28093642000100"
"50717653000164","SERRA 83 PREVIDÊNCIA FUNDO DE INVESTIMENTO FINANCEIRO MULTIMERCADO","12695840000103"
"42246480000115","SOLIS ANTARES PREVIDÊNCIA CRÉDITO PRIVADO FUNDO DE INVESTIMENTO DE RENDA FIXA","17254708000171"
"11508507000177","SOLIS VEGA FUNDO DE INVESTIMENTO FINANCEIRO RENDA FIXA","17254708000171"
"27293743000153","SOMMA ANS FUNDO DE INVESTIMENTO FINANCEIRO RENDA FIXA","05563299000106"
"45511206000114","SOMMA FIRENZE FI FINANCEIRO - CI RF CRED PRIV LP - RESP LIMITADA","05563299000106"
"46763213000176","SOMMA SEPTIMUS FIF - CLASSE DE INVESTIMENTO RF CRÉDITO PRIVADO - RESP LIMITADA","05563299000106"
"28206220000195","SOMMA TORINO FIF - CI RF CRED PRIV LP - RESP LIMITADA","05563299000106"
"47443943000152","SPARK FUNDO DE INVESTIMENTO FINANCEIRO RENDA FIXA","29650082000100"
"32225995000185","SPARTA ANS FUNDO DE INVESTIMENTO FINANCEIRO RENDA FIXA","72745714000130"
"51853123000106","SPARTA BWM FUNDO DE INVESTIMENTO FINANCEIRO RENDA FIXA CRÉDITO PRIVADO - RESPONSABILIDADE LIMITADA","72745714000130"
"24444154000130","SPARTA MAX MASTER FIF RENDA FIXA CRÉDITO PRIVADO LONGO PRAZO - RESPONSABILIDADE LIMITADA","72745714000130"
"52221407000142","SPARTA OPPORTUNITY FIF RENDA FIXA CRÉDITO PRIVADO LONGO PRAZO - RESPONSABILIDADE LIMITADA","72745714000130"
"49818870000161","SPARTA PREV B MASTER FUNDO DE INVESTIMENTO FINANCEIRO RENDA FIXA","72745714000130"
"55911526000115","SPARTA PREVIDÊNCIA BB FIFE FI FINANCEIRO RENDA FIXA CRÉDITO PRIVADO - RESPONSABILIDADE LIMITADA","72745714000130"
"35927331000156","SPARTA PREVIDENCIA FIFE D45 FUNDO DE INVESTIMENTO FINANCEIRO RENDA FIXA CRÉDITO PRIVADO RESP LTDA","72745714000130"
"30869395000124","SPARTA PREVIDÊNCIA FIFE FUNDO DE INVESTIMENTO FINANCEIRO RENDA FIXA CRÉDITO PRIVADO RESP LTDA","72745714000130"
"43760546000153","SPARTA PREVIDÊNCIA INFLAÇÃO MASTER FIF RENDA FIXA CRÉDITO PRIVADO - RESPONSABILIDADE LIMITADA","72745714000130"
"43737615000108","SPARTA PREVIDÊNCIA INFLAÇÃO MASTER IU FIF RENDA FIXA CRÉDITO PRIVADO RESPONSABILIDADE LIMITADA","72745714000130"
"31962100000122","SPARTA PREVIDÊNCIA MASTER FUNDO DE INVESTIMENTO FINANCEIRO RENDA FIXA CRÉDITO PRIVADO RESP LTDA","72745714000130"
"46997395000140","SPARTA PREVIDÊNCIA MASTER IU FIF RENDA FIXA CRÉDITO PRIVADO RESPONSABILIDADE LIMITADA","72745714000130"
"38026869000188","SPARTA TOP INFLAÇÃO MASTER FIF RENDA FIXA CRÉDITO PRIVADO LONGO PRAZO - RESPONSABILIDADE LIMITADA","72745714000130"
"14188164000107","SPARTA TOP MASTER CRÉDITO PRIVADO FIF RENDA FIXA LONGO PRAZO - RESPONSABILIDADE LIMITADA","72745714000130"
"54973853000139","SPARTA VP FUNDO DE INVESTIMENTO RENDA FIXA","72745714000130"
"33953262000120","SPS PREV CLASSE DE INVESTIMENTO  MULTIMERCADO CRÉDITO PRIVADO - RESP LIMITADA","10757908000106"
"58976417000174","SPX CRÉDITO PRIVADO PREV FUNDO DE INVESTIMENTO FINANCEIRO RENDA FIXA RESPONSABILIDADE LIMITADA","12330774000160"
"35491217000126","SPX SEAHAWK MASTER FUNDO DE INVESTIMENTO FINANCEIRO RENDA FIXA CRÉDITO PRIVADO LP RESP LIMITADA","12330774000160"
"35646238000173","SPX SEAHAWK PLUS MASTER FIF MULTIMERCADO CRÉDITO PRIVADO RESPONSABILIDADE LIMITADA","12330774000160"
"42014178000131","SPX SEAHAWK PLUS PREVIDENCIÁRIO FIF MULTIMERCADO CRÉDITO PRIVADO RESPONSABILIDADE LIMITADA","12330774000160"
"35600771000102","STONEX SAFIRA AGRO FUNDO DE INVESTIMENTO FINANCEIRO MULTIMERCADO","20505773000137"
"53076975000160","STRIX YIELD MASTER FUNDO DE INVESTIMENTO RENDA FIXA","52720110000121"
"50677561000106","STUTTGART FUNDO DE INVESTIMENTO FINANCEIRO MULTIMERCADO","42177684000141"
"13823084000105","SUL AMÉRICA CRÉDITO ATIVO FIF RENDA FIXA CRÉD PRIV LONGO PRAZO DE RESP LIMITADA","54286457000133"
"23502713000159","SUL AMÉRICA PLURAL MASTER PREV FIFE FIF RENDA FIXA CRÉDITO PRIVADO DE RESPONSABILIDADE LIMITADA","11397672000280"
"45726917000106","SUL AMÉRICA PRESTIGE STRATEGIE ITAÚ MASTER FIF RENDA FIXA CRÉDITO PRIVADO RESP LIMITADA","21813291000107"
"51863123000197","SULA FRANKFURT ESG FIF - CLASSE DE INVESTIMENTO RF CRED PRIV INVEST SUSTENTÁVEL - RESP LIMITADA","54286457000133"
"52580782000189","SULAMERICA CREDITO ASG BB FIF RF CRED PRIV INVESTIMENTO SUSTENTAVEL - RESPONSABILIDADE LIMITADA","21813291000107"
"33701828000126","SULAMÉRICA CRÉDITO ESG FIF RENDA FIXA CRÉDITO PRIVADO LP INVEST SUSTENTÁVEL DE RESP LIMITADA","54286457000133"
"54333831000104","SULAMÉRICA CRÉDITO FIFE FUNDO DE INVESTIMENTO FINANCEIRO RF CRÉD PRIV - RESPONSABILIDA LIMITADA","54286457000133"
"42865719000135","SULAMÉRICA CRÉDITO INFLAÇÃO FIF - CLASSE DE INVESTIMENTO RF CRED PRIV LP - RESP LIMITADA","21813291000107"
"34525051000159","SULAMÉRICA CRÉDITO INSTITUCIONAL ESG FIF RF CRED PRIV LONGO PRAZO IS - RESP LIMITADA","54286457000133"
"04899128000190","SULAMÉRICA EXCELLENCE FIF RENDA FIXA CRÉDITO PRIVADO DE RESPONSABILIDADE LIMITADA","54286457000133"
"47715736000100","SULAMÉRICA EXCELLENCE MASTER FIF RENDA FIXA CRÉDITO PRIVADO DE RESPONSABILIDADE LIMITADA","21813291000107"
"55763285000104","SULAMÉRICA EXCELLENCE PLUS FIF RENDA FIXA CRÉD PRIV LONGO PRAZO DE RESP LIMITADA","21813291000107"
"41610657000158","SULAMÉRICA FF FUNDO DE INVESTIMENTO FINANCEIRO RENDA FIXA CRÉDITO PRIVADO RESPONSABILIDADE LIMITADA","21813291000107"
"54367942000131","SULAMÉRICA FIFE PREV CRÉDITO ESG FIF RENDA FIXA CRÉDITO PRIVADO IS DE RESPÓNSABILIDADE LIMITADA","21813291000107"
"23748539000129","SULAMÉRICA FUNDO DE INVESTIMENTO FINANCEIRO RENDA FIXA ANS CRÉDITO PRIVADO DE RESP LIMITADA","21813291000107"
"58018929000128","SULAMÉRICA MASTER CEF CRÉDITO ATIVO FIF RENDA FIXA CRÉDITO PRIVADO LONGO PRAZO DE RESP LIMITADA","21813291000107"
"57340633000166","SULAMÉRICA OAWM CRÉDITO ATIVO FIF RENDA FIXA CRÉDITO PRIVADO LONGO PRAZO RESPONSABILIDADE LIMITADA","21813291000107"
"19959517000130","SULAMÉRICA PRESTIGE STRATEGIE FIFE FIF RENDA FIXA CRÉDITO PRIVADO RESPONSABILIDADE LIMITADA","54286457000133"
"46334681000125","SULAMÉRICA PRESTIGE XP SEG PREV FIF RENDA FIXA RESPONSABILIDADE LIMITADA","21813291000107"
"55994210000134","SULAMÉRICA PREV CRÉDITO ESG FIFE ALOCAÇÃO FIF RF CRED PRIV IS RESP LIMITADA","54286457000133"
"45642714000131","SULAMÉRICA PREV CRÉDITO ESG ITAÚ MASTER INVESTIMENTO SUSTENTÁVEL FIF RF CRÉD PRIV RESP LIMITADA","21813291000107"
"41348869000109","SUMMERCOOL PREVIDÊNCIA FUNDO DE INVESTIMENTO FINANCEIRO MULTIMERCADO","49475869000181"
"60715404000193","SUSA FUNDO DE INVESTIMENTO FINANCEIRO MULTIMERCADO","12695840000103"
"51825326000199","SVN FUNDO DE INVESTIMENTO FINANCEIRO RENDA FIXA CRÉDITO PRIVADO - RESPONSABILIDADE LIMITADA","44476932000180"
"52955321000143","SVN PREV FUNDO DE INVESTIMENTO FINANCEIRO RENDA FIXA CRÉDITO PRIVADO - RESPONSABILIDADE LIMITADA","44476932000180"
"50925001000115","TAGUS ICATU FUNDO DE INVESTIMENTO FINANCEIRO RENDA FIXA","04369038000197"
"58275549000179","TAGUS PREVIDÊNCIA FUNDO DE INVESTIMENTO FINANCEIRO RENDA FIXA - CRÉD PRIV RESPONSABILIDADE LIMITADA","04369038000197"
"16599959000125","TAGUS TOP II FUNDO DE INVESTIMENTO FINANCEIRO RENDA FIXA","04369038000197"
"24068085000108","TB HIGH YIELD FUNDO DE INVESTIMENTO FINANCEIRO MULTIMERCADO LONGO PRAZO","01591499000111"
"30608416000158","TENACE FIF CLASSE DE INVESTIMENTO RENDA FIXA CRÉDITO PRIVADO LONGO PRAZO RESPONSABILIDADE LIMITADA","01638542000157"
"55754091000142","TENAX RFA PREVIDÊNCIA FIFE FUNDO DE INVESTIMENTO RENDA FIXA","43777696000170"
"43508859000119","TITANIUM HIGH YIELD FUNDO DE INVESTIMENTO FINANCEIRO RENDA FIXA","26454342000175"
"62333997000159","TIVIO ALT LIGHT XP SEG MASTER PREV FUNDO DE INVESTIMENTO MULTIMERCADO CRÉDITO PRIVADO RESP LIMITADA","03384738000198"
"55726312000179","TIVIO BVP FUNDO DE INVESTIMENTO FINANCEIRO RENDA FIXA CRÉDITO PRIVADO FIFE RESPONSABILIDADE LIMITADA","03384738000198"
"14491665000150","TIVIO FI FINANCEIRO - CI RF CRED PRIV - RESP LIMITADA","03384738000198"
"59889169000197","TIVIO HGD30 FIF CLASSE DE INVESTIMENTO RF CRED PRIV FIFE - RESP LIMITADA","03384738000198"
"04240128000183","TIVIO INSTITUCIONAL 15 FIF - CI RENDA FIXA CRÉDITO PRIVADO LONGO PRAZO - RESP LIMITADA","03384738000198"
"62232489000184","TIVIO INSTITUCIONAL MASTER FIF - CI RF CRÉDITO PRIVADO LONGO PRAZO - RESPONSABILIDADE LIMITADA","03384738000198"
"06866051000187","TIVIO INSTITUCIONAL RENDA FIXA CRED PRIV FUNDO DE INVESTIMENTO FINANCEIRO - RESP LIMITADA","03384738000198"
"09083848000104","TIVIO LEGACY PREVIDÊNCIA FIF - CLASSE DE INVESTIMENTO RENDA FIXA CRED PRIV - RESP LIMITADA","03384738000198"
"42449373000194","TIVIO MASTER FIFE FIF RENDA FIXA PREVIDENCIÁRIO CRÉDITO PRIVADO RESPONSABILIDADE LIMITADA","03384738000198"
"64089192000137","TOP DEBÊNTURES 2025 FI INCENTIVADO EM DEBÊNTURES DE INFRA FIF RENDA FIXA CRED PRIV RESP LIMITADA","40430971000196"
"01361074000116","TOP RENDA FIXA MIX CRÉD PRIV LONGO PRAZO FIF RESPONSABILIDADE LIMITADA","40430971000196"
"29734143000109","TRAFALGAR QUALIFICADO FI FINANCEIRO - CI MULT CRED PRIV - RESP LIMITADA","11519438000105"
"41881271000180","TRANCOSO FUNDO DE INVESTIMENTO FINANCEIRO MULTIMERCADO","05585083000141"
"51041048000189","TRF CLASSE DE INVESTIMENTO MULTIMERCADO  CRÉDITO PRIVADO - RESP LIMITADA","04686893000121"
"54026114000130","TRÍADE MASTER FUNDO DE INVESTIMENTO FINANCEIRO MULTIMERCADO","12417157000104"
"58354857000190","TRÍADE PREV PREVIDÊNCIA FUNDO DE INVESTIMENTO FINANCEIRO MULTIMERCADO","12417157000104"
"54277615000199","TRÍGONO FUNDO DE INVESTIMENTO RENDA FIXA LONGO PRAZO","28925400000127"
"54072658000138","TRIUNFO FUNDO DE INVESTIMENTO FINANCEIRO RENDA FIXA CRÉDITO PRIVADO - RESPONSABILIDADE LIMITADA","29158123000137"
"62144203000109","TRN CASH FUNDO DE INVESTIMENTO EM RENDA FIXA CRÉDITO PRIVADO LONGO PRAZO RESPONSABILIDADE LIMITADA","55648867000140"
"39511694000167","TULIPA 18 CLASSE DE INVESTIMENTO  MULTIMERCADO CRÉDITO PRIVADO","08800008000144"
"40152982000151","TWINS 90 PREVIDÊNCIA FUNDO DE INVESTIMENTO FINANCEIRO MULTIMERCADO","12695840000103"
"31964159000150","TYTON CRÉDITO FUNDO DE INVESTIMENTO FINANCEIRO MULTIMERCADO","46503558000190"
"49924950000100","TYTON CRÉDITO HIGH YIELD FUNDO DE INVESTIMENTO FINANCEIRO MULTIMERCADO","46503558000190"
"53847333000117","TYTON CRÉDITO PREVIDÊNCIA FUNDO DE INVESTIMENTO MULTIMERCADO","46503558000190"
"05922462000180","UBS CONSENSO PÓS FIXADO FIF DE RENDA FIXA CRÉDITO PRIVADO RESPONSABILIDADE LIMITADA","11519438000105"
"40764095000134","UBS DI SPECIAL FUNDO DE INVESTIMENTO RENDA FIXA REFERENCIADO  RESPONSABILIDADE LIMITADA","11519438000105"
"63110995000163","UBS EVOLUTION CATOLÉ FUNDO DE INVESTIMENTO EM INFRAESTRUTURA - RENDA FIXA CRED PRIV RESP LIMITADA","11519438000105"
"44371942000151","UBS EVOLUTION DI BR MASTER FUNDO DE INVESTIMENTO RENDA FIXA REFERENCIADO  RESPONSABILIDADE LIMITADA","11519438000105"
"09329721000114","UBS EVOLUTION DI MASTER FUNDO DE INVESTIMENTO FINANCEIRO RENDA FIXA REFERENCIADO RESP LIMITADA","11519438000105"
"63105532000103","UBS EVOLUTION ESMERALDA INFRA FUNDO DE INVESTIMENTO EM INFRAESTRUTURA - RF CRED PRIV RESP LIMITADA","11519438000105"
"61817868000173","UBS EVOLUTION MAKTUB FUNDO DE INVESTIMENTO EM INFRAESTRUTURA RENDA FIXA CRED PRIV RESP LIMITADA","11519438000105"
"63105295000180","UBS EVOLUTION MINERVA INFRA FUNDO DE INVESTIMENTO EM INFRAESTRUTURA RF CREDITO PRIVADO RESP LIMITADA","11519438000105"
"63532720000118","UBS EVOLUTION SIENA INFRA FUNDO DE INVESTIMENTO EM INFRAESTRUTURA RENDA FIXA CRED PRIV RESP LIMITADA","11519438000105"
"61818719000129","UBS EVOLUTION SYNERGY FUNDO DE INVESTIMENTO EM INFRAESTRUTURA RENDA FIXA CRED PRIV RESP LIMITADA","11519438000105"
"43584990000165","UBS PREV 1965 II FUNDO DE INVESTIMENTO FINANCEIRO MULTIMERCADO CRÉDITO PRIVADO - RESP LIMITADA","11519438000105"
"14473842000175","UBS ROKA FUNDO DE INVESTIMENTO FINANCEIRO - MULTIMERCADO CRÉDITO PRIVADO RESPONSABILIDADE LIMITADA","11519438000105"
"58459343000107","ULTRA FUNDO DE INVESTIMENTO EM RENDA FIXA CRÉDITO PRIVADO","15289957000177"
"54347933000189","UNIÃO INVESTIMENTOS FUNDO DE INVESTIMENTO MULTIMERCADO","12695840000103"
"17138011000135","UNIMED FUNDO DE INVESTIMENTO FINANCEIRO RENDA FIXA CRÉDITO PRIVADO PREVIDENCIÁRIO RESP LIMITADA","02562663000125"
"29109266000159","UNIMED INVESTCOOP ANS FUNDO DE INVESTIMENTO FINANCEIRO MULTIMERCADO CRÉDITO PRIVADO RESP LIMITADA","31681693000159"
"37331175000191","UNIMED INVESTCOOP ANS II FUNDO DE INVESTIMENTO FINANCEIRO RENDA FIXA CRÉDITO PRIVADO RESP LIMITADA","31681693000159"
"26845906000109","UNIMED INVESTCOOP ANS III FUNDO DE INVESTIMENTO FINANCEIRO RENDA FIXA CRÉDITO PRIVADO RESP LIMITADA","31681693000159"
"35001422000166","UNIMED INVESTCOOP ANS V FUNDO DE INVESTIMENTO FINANCEIRO RENDA FIXA","29650082000100"
"37319367000182","UNIMED INVESTCOOP LIVRE I FIF RENDA FIXA CRÉDITO PRIVADO LP RESP LIMITADA","31681693000159"
"51378137000115","UNIMED INVESTCOOP LIVRE II FIF RENDA FIXA CRÉDITO PRIVADO LONGO PRAZO RESP LIMITADA","72745714000130"
"34143987000115","UNIMED MULTIESTRATÉGIA FUNDO DE INVESTIMENTO FINANCEIRO MULTIMERCADO RESP LIMITADA","10917835000164"
"03960349000163","UNIMED RV 15 FUNDO DE INVESTIMENTO FINANCEIRO MULTIMERCADO RESPONSABILIDADE LIMITADA","13421810000163"
"19413568000162","UPSALA FIF - CLASSE DE INVESTIMENTO MULTIMERCADO CRÉDITO PRIVADO - RESP LIMITADA","11468803000191"
"10326625000100","VALORA ABSOLUTE FIF RENDA FIXA CRÉD PRIV LONGO PRAZO - RESPONSABILIDADE LIMITADA","17482086000139"
"45295157000120","VALORA ARKA FUNDO DE INVESTIMENTO FINANCEIRO MULTIMERCADO","17482086000139"
"40456260000190","VALORA MASTER FIFE PREVIDENCIÁRIO FUNDO DE INVESTIMENTO RENDA FIXA CRÉDITO PRIVADO","17482086000139"
"41128444000194","VALORA PREVIDÊNCIA FIFE FIF RENDA FIXA CRÉDITO PRIVADO - RESPONSABILIDADE LIMITADA","17482086000139"
"35803277000137","VALORA PREVIDENCIÁRIO MASTER FUNDO DE INVESTIMENTO RENDA FIXA CRÉDITO PRIVADO","17482086000139"
"43597393000175","VERDE AM CARRY MASTER FUNDO DE INVESTIMENTO FINANCEIRO MULTIMERCADO CRÉDITO PRIVADO RESP LIMITADA","19749539000176"
"61572789000140","VERDE AM HIGH YIELD II MASTER FIF MULTIMERCADO CRÉDITO PRIVADO RESP LIMITADA","19749539000176"
"53502091000120","VICADIA PREVIDÊNCIA FUNDO DE INVESTIMENTO MULTIMERCADO","08800008000144"
"45104170000154","VICTOREM FUNDO DE INVESTIMENTO FINANCEIRO","29158123000137"
"44230868000153","VINCI CRÉDITO ADVISORY PREV XP SEG FIF RENDA FIXA CRÉDITO PRIVADO - RESPONSABILIDADE LIMITADA","11077576000173"
"37099037000129","VINCI CREDITO MULTIESTRATEGIA FUNDO DE INVESTIMENTO FINANCEIRO MULTIMERCADO","11077576000173"
"55110376000140","VINCI CREDITO PREV FIF RENDA FIXA CREDITO PRIVADO FIFE - RESPONSABILIDADE LIMITADA","11077576000173"
"48975466000139","VINCI FIFE FIF - CLASSE DE  INVESTIMENTO RENDA FIXA CRÉDITO PRIVADO - - RESPONSABILIDADE LIMITADA","11077576000173"
"42044315000180","VINCI IRB CRÉDITO FI RF CP FIF - CLASSE DE INVESTIMENTO RENDA FIXA CRÉDITO PRIVADO - RESP LIMITADA","11077576000173"
"56431727000188","VINLAND CORE CRÉDITO III N FIFE FUNDO DE INVESTIMENTO FINANCEIRO RENDA FIXA CRÉD PRIV RESP LIMITADA","31846872000107"
"53798986000153","VINLAND CRÉDITO MASTER INSTITUCIONAL FUNDO DE INVESTIMENTO RENDA FIXA","31846872000107"
"44980461000143","VIVALDI LIQUIDEZ FUNDO DE INVESTIMENTO FINANCEIRO MULTIMERCADO","12695840000103"
"47729760000106","VLGI ASSET DI FUNDO DE INVESTIMENTO EM RENDA FIXA CRÉDITO PRIVADO","44322890000123"
"45645190000132","VLGI ASSET PREVIDENCIÁRIO I FUNDO DE INVESTIMENTO MULTIMERCADO CRÉDITO PRIVADO RESP LIMITADA","44322890000123"
"44977584000125","VOX DESENVOLVIMENTO SUSTENTÁVEL IS FUNDO DE INVESTIMENTO FINANCEIRO RENDA FIXA","10814751000103"
"37805950000101","WALTER PREV FUNDO DE INVESTIMENTO FINANCEIRO MULTIMERCADO","12695840000103"
"15259169000138","WESTERN ASSET GROWTH FIF RENDA FIXA CRÉDITO PRIVADO RESPONSABILIDADE LIMITADA","07437241000141"
"07889704000106","WESTERN ASSET INCOME GENERATION ICATU PREV RENDA FIXA FIF CRED PRIV RESP LIMITADA","07437241000141"
"29983496000142","WESTERN ASSET PREV CREDIT 2 RENDA FIXA FUNDO DE INVESTIMENTO FINANCEIRO CRÉDITO PRIV RESP LIMITADA","07437241000141"
"09087708000104","WESTERN ASSET PREV CREDIT RENDA FIXA CRÉDITO PRIVADO FUNDO DE INVESTIMENTO FINANCEIRO RESP LIMITADA","07437241000141"
"28320857000108","WESTERN ASSET TOTAL CREDIT RENDA FIXA CRÉDITO PRIVADO FUNDO DE INVESTIMENTO FINANCEIRO RESP LIMITADA","07437241000141"
"17339084000195","WESTERN ASSET TROPICAL FI FINANCEIRO - CI RF - RESP LIMITADA","07437241000141"
"36521676000178","WESTERN B PREVIDÊNCIA FIFE MASTER FI FINANCEIRO - CI MULT CRED PRIV - RESP LIMITADA","07437241000141"
"46539506000174","WISE CASH FUNDO DE INVESTIMENTO FINANCEIRO RENDA FIXA","10442603000105"
"62021805000179","WISE CASH PREVIDÊNCIA FUNDO DE INVESTIMENTO FINANCEIRO MULTIMERCADO","10442603000105"
"44672936000134","WISE LIFE PREVIDÊNCIA FUNDO DE INVESTIMENTO FINANCEIRO MULTIMERCADO","10442603000105"
"09181291000136","XCVI FUNDO DE INVESTIMENTO FINANCEIRO MULTIMERCADO CRÉDITO PRIVADO - RESPONSABILIDADE LIMITADA","15289957000177"
"34475149000149","XP ADVISORY PORTFOLIO PRIVATE I PREV FIM CRÉDITO PRIVADO RESPONSABILIDADE LIMITADA","15289957000177"
"43778949000120","XP CORPORATE LIGHT CRÉDITO PRIVADO XP SEGUROS MASTER FI FINANCEIRO RENDA FIXA RESP LIMITADA","16789525000198"
"61290059000156","XP CORPORATE LIGHT MASTER FIF RENDA FIXA CRÉDITO PRIVADO LONGO PRAZO IS - RESPONSABILIDADE LIMITADA","16789525000198"
"32771072000129","XP CORPORATE PLUS MASTER FI FINANCEIRO MULTIMERCADO CRÉDITO PRIVADO -  RESPONSABILIDADE LIMITADA","16789525000198"
"04621721000170","XP CORPORATE TOP CRÉDITO PRIVADO FI FINANCEIRO EM RENDA FIXA LONGO PRAZO - RESPONSABILIDADE LIMITADA","16789525000198"
"48658513000110","XP CORPORATE TOP PREV XP SEGUROS MASTER FIF RF CRÉDITO PRIVADO RESPONSABILIDADE LIMITADA","16789525000198"
"57375967000175","XP DISTRIBUIDORES CORPORATE LIGHT PREV FIF RENDA FIXA CRÉDITO PRIVADO - RESPONSABILIDADE LIMITADA","16789525000198"
"65028745000104","XP DSA FUNDO DE INVESTIMENTO FINANCEIRO RENDA FIXA CRÉDITO PRIVADO - RESPONSABILIDADE LIMITADA","16789525000198"
"31961612000174","XP HIGH GRADE ADVISORY FUNDO DE INVESTIMENTO FINANCEIRO RENDA FIXA CRED PRIV RESP LIMITADA","16789525000198"
"18814964000139","XP HORIZONTE PREV MASTER FUNDO DE INVESTIMENTO FINANCEIRO RENDA FIXA - RESPONSABILIDADE LIMITADA","16789525000198"
"14146491000198","XP INFLAÇÃO FUNDO DE INVESTIMENTO EM RENDA FIXA LONGO PRAZO RESPONSABILIDADE LIMITADA","16789525000198"
"37539419000126","XP PREMIUM 30 ADVISORY FIF RENDA FIXA CRÉDITO PRIVADO LONGO PRAZO RESP LIMITADA","16789525000198"
"37899720000140","XP PREVENT SENIOR ANS FIF MULTIMERCADO CRÉDITO PRIVADO  -  RESPONSABILIDADE LIMITADA","16789525000198"
"55402464000116","XP SINFONIA FUNDO DE INVESTIMENTO FINANCEIRO MULT CRÉDITO PRIVADO RESP LIMITADA","40430971000196"
"58729502000138","XP STRATEGY FUNDO DE INVESTIMENTO FINANCEIRO MULTIMERCADO CRÉDITO PRIVADO RESPONSABILIDADE LIMITADA","07625200000189"
"42417749000189","XP TOP CREDIT MASTER PREVIDENCIÁRIO FIF RENDA FIXA CRÉDITO PRIVADO RESPONSABILIDADE LIMITADA","16789525000198"
"44748987000100","XPA MUCC PREV FUNDO DE INVESTIMENTO MULTIMERCADO CRÉDITO PRIVADO RESPONSABILIDADE LIMITADA","15289957000177"
"44458992000170","XPA RD PREV FUNDO DE INVESTIMENTO MULTIMERCADO CRÉDITO PRIVADO RESPONSABILIDADE LIMITADA","15289957000177"
"30338831000139","XPA VERTICE CRÉDITO FUNDO DE INVESTIMENTO MULTIMERCADO CRÉDITO PRIVADO","15289957000177"
"22985070000189","XPCE RF FUNDO DE INVESTIMENTO FINANCEIRO MULTIMERCADO CRÉDITO  PRIVADO - RESPONSABILIDADE LIMITADA","16789525000198"
"44764166000150","XVI CAPITAL RENDA FIXA FUNDO DE INVESTIMENTO FINANCEIRO","41940952000172"
"59262432000113","YLE 2 FUNDO DE INVESTIMENTO MULTIMERCADO CRÉDITO PRIVADO","29580517000189"
"19941929000143","ZANIAH FUNDO DE INVESTIMENTO FINANCEIRO MULTIMERCADO CRÉDITO PRIVADO RESPONSABILIDADE LIMITADA","02562663000125"
"62392905000101","ZSYS HELLIER FUNDO DE INVESTIMENTO RENDA FIXA REFERENCIADO DI CRÉDITO PRIVADO","51565213000100"
"55315251000157","ZSYS KREUTZER FUNDO DE INVESTIMENTO MULTIMERCADO","51565213000100"
